{
  "type": "FeatureCollection",
  "features": [
    {
      "type": "Feature",
      "properties": {
        "name": "Camino Portugués Central — punto km100 a Santiago",
        "source": "Xunta de Galicia (abertos.xunta.gal, dataset 'Ruta del Camino Portugués', CC BY-SA 4.0), tramos oficiales e01-e06, excluidas variantes/complementarios",
        "length_km": 100.0
      },
      "geometry": {
        "type": "LineString",
        "coordinates": [
          [
            -8.617671,
            42.169304
          ],
          [
            -8.618153,
            42.169438
          ],
          [
            -8.618524,
            42.16953
          ],
          [
            -8.618665,
            42.169583
          ],
          [
            -8.618773,
            42.169684
          ],
          [
            -8.618824,
            42.169724
          ],
          [
            -8.618826,
            42.169781
          ],
          [
            -8.618817,
            42.16986
          ],
          [
            -8.618801,
            42.169971
          ],
          [
            -8.618789,
            42.17008
          ],
          [
            -8.61877,
            42.170144
          ],
          [
            -8.618669,
            42.170348
          ],
          [
            -8.618547,
            42.170573
          ],
          [
            -8.618487,
            42.170734
          ],
          [
            -8.618434,
            42.170832
          ],
          [
            -8.618421,
            42.170908
          ],
          [
            -8.61839,
            42.170959
          ],
          [
            -8.618329,
            42.1711
          ],
          [
            -8.618272,
            42.171241
          ],
          [
            -8.618221,
            42.171423
          ],
          [
            -8.618183,
            42.171579
          ],
          [
            -8.61816,
            42.171709
          ],
          [
            -8.618124,
            42.171796
          ],
          [
            -8.618102,
            42.171886
          ],
          [
            -8.61806,
            42.171991
          ],
          [
            -8.618023,
            42.172074
          ],
          [
            -8.617959,
            42.172165
          ],
          [
            -8.617893,
            42.172258
          ],
          [
            -8.617833,
            42.172352
          ],
          [
            -8.617761,
            42.172431
          ],
          [
            -8.617696,
            42.172511
          ],
          [
            -8.617624,
            42.17263
          ],
          [
            -8.617569,
            42.172708
          ],
          [
            -8.617502,
            42.172812
          ],
          [
            -8.617451,
            42.172885
          ],
          [
            -8.617407,
            42.172942
          ],
          [
            -8.617356,
            42.172999
          ],
          [
            -8.617302,
            42.173058
          ],
          [
            -8.617252,
            42.173107
          ],
          [
            -8.61714,
            42.173171
          ],
          [
            -8.617054,
            42.173218
          ],
          [
            -8.616927,
            42.173277
          ],
          [
            -8.616869,
            42.173322
          ],
          [
            -8.616778,
            42.173435
          ],
          [
            -8.616731,
            42.173516
          ],
          [
            -8.616705,
            42.173566
          ],
          [
            -8.616698,
            42.173641
          ],
          [
            -8.616695,
            42.173733
          ],
          [
            -8.616673,
            42.173802
          ],
          [
            -8.616606,
            42.173891
          ],
          [
            -8.61654,
            42.173999
          ],
          [
            -8.616449,
            42.174152
          ],
          [
            -8.616357,
            42.174296
          ],
          [
            -8.616293,
            42.17441
          ],
          [
            -8.6162,
            42.174543
          ],
          [
            -8.616099,
            42.174681
          ],
          [
            -8.616031,
            42.174788
          ],
          [
            -8.615961,
            42.174908
          ],
          [
            -8.6159,
            42.175041
          ],
          [
            -8.615834,
            42.175222
          ],
          [
            -8.615784,
            42.175413
          ],
          [
            -8.61574,
            42.175452
          ],
          [
            -8.616498,
            42.175691
          ],
          [
            -8.616727,
            42.175772
          ],
          [
            -8.616877,
            42.175741
          ],
          [
            -8.617009,
            42.17578
          ],
          [
            -8.617234,
            42.175907
          ],
          [
            -8.617719,
            42.176062
          ],
          [
            -8.617805,
            42.176096
          ],
          [
            -8.61792,
            42.176183
          ],
          [
            -8.618197,
            42.176339
          ],
          [
            -8.618296,
            42.176379
          ],
          [
            -8.618414,
            42.176367
          ],
          [
            -8.618669,
            42.176318
          ],
          [
            -8.618963,
            42.176227
          ],
          [
            -8.619152,
            42.176172
          ],
          [
            -8.619348,
            42.176133
          ],
          [
            -8.6195,
            42.176108
          ],
          [
            -8.619648,
            42.176106
          ],
          [
            -8.620085,
            42.176123
          ],
          [
            -8.6203,
            42.176167
          ],
          [
            -8.620554,
            42.176245
          ],
          [
            -8.620787,
            42.176297
          ],
          [
            -8.621051,
            42.176344
          ],
          [
            -8.621224,
            42.176365
          ],
          [
            -8.621341,
            42.176366
          ],
          [
            -8.621547,
            42.176381
          ],
          [
            -8.621831,
            42.176415
          ],
          [
            -8.62208,
            42.176437
          ],
          [
            -8.622221,
            42.176459
          ],
          [
            -8.622355,
            42.176491
          ],
          [
            -8.622542,
            42.176566
          ],
          [
            -8.622647,
            42.176646
          ],
          [
            -8.622738,
            42.176761
          ],
          [
            -8.622792,
            42.176835
          ],
          [
            -8.622805,
            42.176898
          ],
          [
            -8.622737,
            42.176949
          ],
          [
            -8.622598,
            42.177038
          ],
          [
            -8.62252,
            42.177102
          ],
          [
            -8.622475,
            42.177158
          ],
          [
            -8.622437,
            42.177243
          ],
          [
            -8.622399,
            42.177359
          ],
          [
            -8.622336,
            42.177449
          ],
          [
            -8.622275,
            42.177512
          ],
          [
            -8.622205,
            42.177574
          ],
          [
            -8.622071,
            42.17766
          ],
          [
            -8.621898,
            42.177759
          ],
          [
            -8.621641,
            42.177871
          ],
          [
            -8.621487,
            42.177928
          ],
          [
            -8.621335,
            42.177998
          ],
          [
            -8.621211,
            42.178071
          ],
          [
            -8.62107,
            42.17817
          ],
          [
            -8.620942,
            42.178268
          ],
          [
            -8.620809,
            42.178389
          ],
          [
            -8.620717,
            42.178486
          ],
          [
            -8.620631,
            42.178586
          ],
          [
            -8.620563,
            42.178679
          ],
          [
            -8.620537,
            42.178754
          ],
          [
            -8.620533,
            42.178866
          ],
          [
            -8.620548,
            42.178963
          ],
          [
            -8.620596,
            42.179058
          ],
          [
            -8.620644,
            42.179164
          ],
          [
            -8.620689,
            42.179277
          ],
          [
            -8.620708,
            42.179331
          ],
          [
            -8.620719,
            42.179414
          ],
          [
            -8.62072,
            42.179499
          ],
          [
            -8.620697,
            42.179575
          ],
          [
            -8.620615,
            42.179707
          ],
          [
            -8.620554,
            42.179814
          ],
          [
            -8.620501,
            42.17995
          ],
          [
            -8.620477,
            42.180059
          ],
          [
            -8.620469,
            42.180138
          ],
          [
            -8.620482,
            42.180259
          ],
          [
            -8.620511,
            42.180403
          ],
          [
            -8.620514,
            42.180503
          ],
          [
            -8.620503,
            42.180596
          ],
          [
            -8.620457,
            42.180725
          ],
          [
            -8.620436,
            42.180815
          ],
          [
            -8.620422,
            42.180912
          ],
          [
            -8.620409,
            42.180995
          ],
          [
            -8.620354,
            42.181069
          ],
          [
            -8.620276,
            42.181109
          ],
          [
            -8.620179,
            42.181149
          ],
          [
            -8.620093,
            42.181226
          ],
          [
            -8.620009,
            42.18135
          ],
          [
            -8.619909,
            42.181489
          ],
          [
            -8.619834,
            42.181573
          ],
          [
            -8.619798,
            42.181635
          ],
          [
            -8.619774,
            42.181787
          ],
          [
            -8.619756,
            42.181879
          ],
          [
            -8.619716,
            42.18195
          ],
          [
            -8.619669,
            42.181984
          ],
          [
            -8.619644,
            42.182007
          ],
          [
            -8.619543,
            42.182041
          ],
          [
            -8.619443,
            42.182067
          ],
          [
            -8.619318,
            42.182095
          ],
          [
            -8.619256,
            42.182141
          ],
          [
            -8.619209,
            42.182208
          ],
          [
            -8.6192,
            42.182298
          ],
          [
            -8.619195,
            42.182392
          ],
          [
            -8.619181,
            42.182498
          ],
          [
            -8.619143,
            42.182615
          ],
          [
            -8.619092,
            42.182695
          ],
          [
            -8.619012,
            42.182782
          ],
          [
            -8.61892,
            42.182864
          ],
          [
            -8.618841,
            42.182932
          ],
          [
            -8.618748,
            42.182988
          ],
          [
            -8.618632,
            42.183049
          ],
          [
            -8.618513,
            42.183122
          ],
          [
            -8.618424,
            42.183191
          ],
          [
            -8.618344,
            42.183276
          ],
          [
            -8.618294,
            42.183345
          ],
          [
            -8.618262,
            42.183393
          ],
          [
            -8.618284,
            42.183485
          ],
          [
            -8.618314,
            42.183662
          ],
          [
            -8.618344,
            42.183827
          ],
          [
            -8.618404,
            42.183896
          ],
          [
            -8.618447,
            42.18394
          ],
          [
            -8.618401,
            42.184043
          ],
          [
            -8.618312,
            42.184142
          ],
          [
            -8.618248,
            42.184238
          ],
          [
            -8.618227,
            42.184369
          ],
          [
            -8.618203,
            42.184472
          ],
          [
            -8.618163,
            42.184542
          ],
          [
            -8.61808,
            42.184651
          ],
          [
            -8.617997,
            42.184726
          ],
          [
            -8.617853,
            42.184836
          ],
          [
            -8.617627,
            42.185
          ],
          [
            -8.61746,
            42.185103
          ],
          [
            -8.617182,
            42.185265
          ],
          [
            -8.616718,
            42.185512
          ],
          [
            -8.616365,
            42.185707
          ],
          [
            -8.616288,
            42.185754
          ],
          [
            -8.616207,
            42.185815
          ],
          [
            -8.616124,
            42.185882
          ],
          [
            -8.615973,
            42.18603
          ],
          [
            -8.615868,
            42.186153
          ],
          [
            -8.615791,
            42.186234
          ],
          [
            -8.615753,
            42.186264
          ],
          [
            -8.615644,
            42.18631
          ],
          [
            -8.615528,
            42.186335
          ],
          [
            -8.615463,
            42.186359
          ],
          [
            -8.615378,
            42.186412
          ],
          [
            -8.615306,
            42.186479
          ],
          [
            -8.615269,
            42.186524
          ],
          [
            -8.615214,
            42.186601
          ],
          [
            -8.615189,
            42.186672
          ],
          [
            -8.615192,
            42.186787
          ],
          [
            -8.615201,
            42.186898
          ],
          [
            -8.615203,
            42.18698
          ],
          [
            -8.615197,
            42.187044
          ],
          [
            -8.615181,
            42.187122
          ],
          [
            -8.615126,
            42.187223
          ],
          [
            -8.615063,
            42.187305
          ],
          [
            -8.614963,
            42.187432
          ],
          [
            -8.614855,
            42.187586
          ],
          [
            -8.614777,
            42.187713
          ],
          [
            -8.614733,
            42.187826
          ],
          [
            -8.614732,
            42.187907
          ],
          [
            -8.614755,
            42.188034
          ],
          [
            -8.614805,
            42.18812
          ],
          [
            -8.614817,
            42.188208
          ],
          [
            -8.614769,
            42.18832
          ],
          [
            -8.614667,
            42.1885
          ],
          [
            -8.614591,
            42.188611
          ],
          [
            -8.61451,
            42.188702
          ],
          [
            -8.614395,
            42.188815
          ],
          [
            -8.614296,
            42.188906
          ],
          [
            -8.61417,
            42.188991
          ],
          [
            -8.613914,
            42.189115
          ],
          [
            -8.613685,
            42.18922
          ],
          [
            -8.613528,
            42.189322
          ],
          [
            -8.613413,
            42.189409
          ],
          [
            -8.613267,
            42.189536
          ],
          [
            -8.61314,
            42.189679
          ],
          [
            -8.613016,
            42.189835
          ],
          [
            -8.612906,
            42.190009
          ],
          [
            -8.612776,
            42.190236
          ],
          [
            -8.612687,
            42.190438
          ],
          [
            -8.612628,
            42.190638
          ],
          [
            -8.612604,
            42.190799
          ],
          [
            -8.612599,
            42.190929
          ],
          [
            -8.612615,
            42.191074
          ],
          [
            -8.612611,
            42.191188
          ],
          [
            -8.612576,
            42.191304
          ],
          [
            -8.612517,
            42.191423
          ],
          [
            -8.612412,
            42.191602
          ],
          [
            -8.612267,
            42.191766
          ],
          [
            -8.612147,
            42.191901
          ],
          [
            -8.612082,
            42.191978
          ],
          [
            -8.611996,
            42.192142
          ],
          [
            -8.611904,
            42.192313
          ],
          [
            -8.61181,
            42.192528
          ],
          [
            -8.611757,
            42.192643
          ],
          [
            -8.61168,
            42.192768
          ],
          [
            -8.611589,
            42.192866
          ],
          [
            -8.611509,
            42.192939
          ],
          [
            -8.611374,
            42.193017
          ],
          [
            -8.61109,
            42.193145
          ],
          [
            -8.610903,
            42.193257
          ],
          [
            -8.610813,
            42.193319
          ],
          [
            -8.6108,
            42.193363
          ],
          [
            -8.61075,
            42.193463
          ],
          [
            -8.610722,
            42.193555
          ],
          [
            -8.6107,
            42.19366
          ],
          [
            -8.610663,
            42.193795
          ],
          [
            -8.610639,
            42.193905
          ],
          [
            -8.610618,
            42.193966
          ],
          [
            -8.610545,
            42.194105
          ],
          [
            -8.610465,
            42.194254
          ],
          [
            -8.610409,
            42.194383
          ],
          [
            -8.610369,
            42.19449
          ],
          [
            -8.61031,
            42.194647
          ],
          [
            -8.610282,
            42.194707
          ],
          [
            -8.610225,
            42.194788
          ],
          [
            -8.610107,
            42.194955
          ],
          [
            -8.61005,
            42.195054
          ],
          [
            -8.610006,
            42.195148
          ],
          [
            -8.609971,
            42.19527
          ],
          [
            -8.609938,
            42.19543
          ],
          [
            -8.60991,
            42.195569
          ],
          [
            -8.609875,
            42.195737
          ],
          [
            -8.609838,
            42.195888
          ],
          [
            -8.609782,
            42.196111
          ],
          [
            -8.609733,
            42.196288
          ],
          [
            -8.609694,
            42.196435
          ],
          [
            -8.609643,
            42.196599
          ],
          [
            -8.609577,
            42.196789
          ],
          [
            -8.609496,
            42.196976
          ],
          [
            -8.609452,
            42.197054
          ],
          [
            -8.609335,
            42.197196
          ],
          [
            -8.60918,
            42.197368
          ],
          [
            -8.609033,
            42.197528
          ],
          [
            -8.608808,
            42.197756
          ],
          [
            -8.608689,
            42.197909
          ],
          [
            -8.608616,
            42.198022
          ],
          [
            -8.608597,
            42.198076
          ],
          [
            -8.608572,
            42.198154
          ],
          [
            -8.608574,
            42.198219
          ],
          [
            -8.608603,
            42.198313
          ],
          [
            -8.608631,
            42.198354
          ],
          [
            -8.608682,
            42.198415
          ],
          [
            -8.608717,
            42.198467
          ],
          [
            -8.60873,
            42.198532
          ],
          [
            -8.608756,
            42.198662
          ],
          [
            -8.608791,
            42.198753
          ],
          [
            -8.608827,
            42.198864
          ],
          [
            -8.608858,
            42.198973
          ],
          [
            -8.608877,
            42.199058
          ],
          [
            -8.608886,
            42.199143
          ],
          [
            -8.608877,
            42.199196
          ],
          [
            -8.60886,
            42.199262
          ],
          [
            -8.608826,
            42.199345
          ],
          [
            -8.608797,
            42.199428
          ],
          [
            -8.608782,
            42.199495
          ],
          [
            -8.608778,
            42.199547
          ],
          [
            -8.608781,
            42.199595
          ],
          [
            -8.608812,
            42.199659
          ],
          [
            -8.608857,
            42.199725
          ],
          [
            -8.608917,
            42.19984
          ],
          [
            -8.608936,
            42.199885
          ],
          [
            -8.608934,
            42.199935
          ],
          [
            -8.608914,
            42.199991
          ],
          [
            -8.608876,
            42.200068
          ],
          [
            -8.60877,
            42.200242
          ],
          [
            -8.608706,
            42.200342
          ],
          [
            -8.608672,
            42.20042
          ],
          [
            -8.608664,
            42.200492
          ],
          [
            -8.608677,
            42.200573
          ],
          [
            -8.608696,
            42.200645
          ],
          [
            -8.608753,
            42.200811
          ],
          [
            -8.608756,
            42.200899
          ],
          [
            -8.608713,
            42.200963
          ],
          [
            -8.608666,
            42.201012
          ],
          [
            -8.608496,
            42.201152
          ],
          [
            -8.608337,
            42.201287
          ],
          [
            -8.608274,
            42.201367
          ],
          [
            -8.608146,
            42.201523
          ],
          [
            -8.608047,
            42.201633
          ],
          [
            -8.60791,
            42.201744
          ],
          [
            -8.607777,
            42.201841
          ],
          [
            -8.60768,
            42.201889
          ],
          [
            -8.60754,
            42.201949
          ],
          [
            -8.607501,
            42.201984
          ],
          [
            -8.60747,
            42.202037
          ],
          [
            -8.607469,
            42.202038
          ],
          [
            -8.607389,
            42.202089
          ],
          [
            -8.607207,
            42.20217
          ],
          [
            -8.607042,
            42.202248
          ],
          [
            -8.606802,
            42.202373
          ],
          [
            -8.606708,
            42.202448
          ],
          [
            -8.606606,
            42.202552
          ],
          [
            -8.606467,
            42.2027
          ],
          [
            -8.606248,
            42.20293
          ],
          [
            -8.606085,
            42.203069
          ],
          [
            -8.606051,
            42.203159
          ],
          [
            -8.606004,
            42.20328
          ],
          [
            -8.605953,
            42.203424
          ],
          [
            -8.605874,
            42.203598
          ],
          [
            -8.605816,
            42.203718
          ],
          [
            -8.605735,
            42.203866
          ],
          [
            -8.605749,
            42.203912
          ],
          [
            -8.605862,
            42.204021
          ],
          [
            -8.605968,
            42.204143
          ],
          [
            -8.60611,
            42.204386
          ],
          [
            -8.606202,
            42.204559
          ],
          [
            -8.606249,
            42.204648
          ],
          [
            -8.606297,
            42.204804
          ],
          [
            -8.606304,
            42.204948
          ],
          [
            -8.606291,
            42.205076
          ],
          [
            -8.606266,
            42.20526
          ],
          [
            -8.606262,
            42.205479
          ],
          [
            -8.606278,
            42.205607
          ],
          [
            -8.606312,
            42.205833
          ],
          [
            -8.606356,
            42.205977
          ],
          [
            -8.606463,
            42.206127
          ],
          [
            -8.606624,
            42.206341
          ],
          [
            -8.606763,
            42.206528
          ],
          [
            -8.606934,
            42.20677
          ],
          [
            -8.607057,
            42.20693
          ],
          [
            -8.607119,
            42.207009
          ],
          [
            -8.607227,
            42.207101
          ],
          [
            -8.607383,
            42.207232
          ],
          [
            -8.607557,
            42.207374
          ],
          [
            -8.607656,
            42.207471
          ],
          [
            -8.607733,
            42.207542
          ],
          [
            -8.607787,
            42.207619
          ],
          [
            -8.607867,
            42.207737
          ],
          [
            -8.607962,
            42.207872
          ],
          [
            -8.60809,
            42.208027
          ],
          [
            -8.608241,
            42.208205
          ],
          [
            -8.608415,
            42.208401
          ],
          [
            -8.608498,
            42.208479
          ],
          [
            -8.608637,
            42.208579
          ],
          [
            -8.608751,
            42.208684
          ],
          [
            -8.608815,
            42.208768
          ],
          [
            -8.608952,
            42.209006
          ],
          [
            -8.60904,
            42.209163
          ],
          [
            -8.609045,
            42.209384
          ],
          [
            -8.60904,
            42.209622
          ],
          [
            -8.60903,
            42.209924
          ],
          [
            -8.609033,
            42.210115
          ],
          [
            -8.609087,
            42.210469
          ],
          [
            -8.609174,
            42.210873
          ],
          [
            -8.609241,
            42.211112
          ],
          [
            -8.609307,
            42.211338
          ],
          [
            -8.609373,
            42.211623
          ],
          [
            -8.60943,
            42.211962
          ],
          [
            -8.60947,
            42.212281
          ],
          [
            -8.609481,
            42.212496
          ],
          [
            -8.609481,
            42.212684
          ],
          [
            -8.609451,
            42.21293
          ],
          [
            -8.609417,
            42.213191
          ],
          [
            -8.609375,
            42.213557
          ],
          [
            -8.60935,
            42.213735
          ],
          [
            -8.609316,
            42.213905
          ],
          [
            -8.60926,
            42.214055
          ],
          [
            -8.609193,
            42.214188
          ],
          [
            -8.609096,
            42.214381
          ],
          [
            -8.608999,
            42.214552
          ],
          [
            -8.608917,
            42.214678
          ],
          [
            -8.608823,
            42.214785
          ],
          [
            -8.608727,
            42.214888
          ],
          [
            -8.60864,
            42.214962
          ],
          [
            -8.608463,
            42.215118
          ],
          [
            -8.60834,
            42.215246
          ],
          [
            -8.608219,
            42.21539
          ],
          [
            -8.608147,
            42.215511
          ],
          [
            -8.60808,
            42.215631
          ],
          [
            -8.607997,
            42.215911
          ],
          [
            -8.607887,
            42.216206
          ],
          [
            -8.607752,
            42.216608
          ],
          [
            -8.607691,
            42.216804
          ],
          [
            -8.607633,
            42.216964
          ],
          [
            -8.607592,
            42.217116
          ],
          [
            -8.607545,
            42.217296
          ],
          [
            -8.607515,
            42.217419
          ],
          [
            -8.607516,
            42.217582
          ],
          [
            -8.607515,
            42.217708
          ],
          [
            -8.60753,
            42.217878
          ],
          [
            -8.607545,
            42.218103
          ],
          [
            -8.607548,
            42.218251
          ],
          [
            -8.607548,
            42.21838
          ],
          [
            -8.60756,
            42.21848
          ],
          [
            -8.607571,
            42.218586
          ],
          [
            -8.607611,
            42.21875
          ],
          [
            -8.607635,
            42.218891
          ],
          [
            -8.607636,
            42.219057
          ],
          [
            -8.607631,
            42.219259
          ],
          [
            -8.607632,
            42.219525
          ],
          [
            -8.607647,
            42.219754
          ],
          [
            -8.607665,
            42.219987
          ],
          [
            -8.607694,
            42.220241
          ],
          [
            -8.607704,
            42.220505
          ],
          [
            -8.60774,
            42.220661
          ],
          [
            -8.607785,
            42.220763
          ],
          [
            -8.607875,
            42.220931
          ],
          [
            -8.607961,
            42.221095
          ],
          [
            -8.608057,
            42.221258
          ],
          [
            -8.608114,
            42.22141
          ],
          [
            -8.608129,
            42.221519
          ],
          [
            -8.608123,
            42.221751
          ],
          [
            -8.608145,
            42.222045
          ],
          [
            -8.608144,
            42.222333
          ],
          [
            -8.608127,
            42.222538
          ],
          [
            -8.608062,
            42.222714
          ],
          [
            -8.60798,
            42.22285
          ],
          [
            -8.607869,
            42.222964
          ],
          [
            -8.60778,
            42.223028
          ],
          [
            -8.607641,
            42.223092
          ],
          [
            -8.607478,
            42.223137
          ],
          [
            -8.607472,
            42.223167
          ],
          [
            -8.607441,
            42.223251
          ],
          [
            -8.60735,
            42.223446
          ],
          [
            -8.607229,
            42.223568
          ],
          [
            -8.606962,
            42.223933
          ],
          [
            -8.606742,
            42.224255
          ],
          [
            -8.606658,
            42.224447
          ],
          [
            -8.606529,
            42.224695
          ],
          [
            -8.606408,
            42.224889
          ],
          [
            -8.606221,
            42.225144
          ],
          [
            -8.606047,
            42.225388
          ],
          [
            -8.606007,
            42.225537
          ],
          [
            -8.605979,
            42.225746
          ],
          [
            -8.605963,
            42.225816
          ],
          [
            -8.605987,
            42.225893
          ],
          [
            -8.60609,
            42.226019
          ],
          [
            -8.606199,
            42.226138
          ],
          [
            -8.606284,
            42.226232
          ],
          [
            -8.606526,
            42.226445
          ],
          [
            -8.606656,
            42.226574
          ],
          [
            -8.606756,
            42.226737
          ],
          [
            -8.606783,
            42.226809
          ],
          [
            -8.606855,
            42.226998
          ],
          [
            -8.606954,
            42.227263
          ],
          [
            -8.607058,
            42.22736
          ],
          [
            -8.607157,
            42.227409
          ],
          [
            -8.607491,
            42.227493
          ],
          [
            -8.60785,
            42.227613
          ],
          [
            -8.608166,
            42.227756
          ],
          [
            -8.608441,
            42.227902
          ],
          [
            -8.608942,
            42.228084
          ],
          [
            -8.609324,
            42.228196
          ],
          [
            -8.60963,
            42.228408
          ],
          [
            -8.609937,
            42.228598
          ],
          [
            -8.610201,
            42.228724
          ],
          [
            -8.610369,
            42.228824
          ],
          [
            -8.610609,
            42.229031
          ],
          [
            -8.610802,
            42.229272
          ],
          [
            -8.610951,
            42.229467
          ],
          [
            -8.610994,
            42.22955
          ],
          [
            -8.610972,
            42.229599
          ],
          [
            -8.610931,
            42.22966
          ],
          [
            -8.610937,
            42.229737
          ],
          [
            -8.610976,
            42.22983
          ],
          [
            -8.611104,
            42.230001
          ],
          [
            -8.611229,
            42.230169
          ],
          [
            -8.611311,
            42.230195
          ],
          [
            -8.611434,
            42.230242
          ],
          [
            -8.611524,
            42.23033
          ],
          [
            -8.611581,
            42.230509
          ],
          [
            -8.611674,
            42.230661
          ],
          [
            -8.611794,
            42.230824
          ],
          [
            -8.611936,
            42.230973
          ],
          [
            -8.61254,
            42.231547
          ],
          [
            -8.612492,
            42.231601
          ],
          [
            -8.612405,
            42.231682
          ],
          [
            -8.612358,
            42.23178
          ],
          [
            -8.612345,
            42.231898
          ],
          [
            -8.612377,
            42.231984
          ],
          [
            -8.612413,
            42.232109
          ],
          [
            -8.612505,
            42.232403
          ],
          [
            -8.612613,
            42.232733
          ],
          [
            -8.612712,
            42.233101
          ],
          [
            -8.612783,
            42.23338
          ],
          [
            -8.61284,
            42.233682
          ],
          [
            -8.612863,
            42.233774
          ],
          [
            -8.612931,
            42.233869
          ],
          [
            -8.613195,
            42.23427
          ],
          [
            -8.61332,
            42.234494
          ],
          [
            -8.613445,
            42.234717
          ],
          [
            -8.613605,
            42.234979
          ],
          [
            -8.613763,
            42.235242
          ],
          [
            -8.613709,
            42.235466
          ],
          [
            -8.613606,
            42.236003
          ],
          [
            -8.613554,
            42.236291
          ],
          [
            -8.613503,
            42.23647
          ],
          [
            -8.613447,
            42.23678
          ],
          [
            -8.61333,
            42.237212
          ],
          [
            -8.613287,
            42.237366
          ],
          [
            -8.613199,
            42.23778
          ],
          [
            -8.613087,
            42.238313
          ],
          [
            -8.613076,
            42.238415
          ],
          [
            -8.613036,
            42.238613
          ],
          [
            -8.612975,
            42.238727
          ],
          [
            -8.612882,
            42.238869
          ],
          [
            -8.612773,
            42.239137
          ],
          [
            -8.612618,
            42.239392
          ],
          [
            -8.612476,
            42.239603
          ],
          [
            -8.612299,
            42.239812
          ],
          [
            -8.612091,
            42.240043
          ],
          [
            -8.611842,
            42.240297
          ],
          [
            -8.611542,
            42.240572
          ],
          [
            -8.611197,
            42.240835
          ],
          [
            -8.610886,
            42.241074
          ],
          [
            -8.610635,
            42.241273
          ],
          [
            -8.610408,
            42.241443
          ],
          [
            -8.610282,
            42.241552
          ],
          [
            -8.610319,
            42.241566
          ],
          [
            -8.610462,
            42.241587
          ],
          [
            -8.61066,
            42.241588
          ],
          [
            -8.610828,
            42.241577
          ],
          [
            -8.610827,
            42.241684
          ],
          [
            -8.610779,
            42.241843
          ],
          [
            -8.610741,
            42.242013
          ],
          [
            -8.610701,
            42.242214
          ],
          [
            -8.610687,
            42.242473
          ],
          [
            -8.610664,
            42.242958
          ],
          [
            -8.610636,
            42.243157
          ],
          [
            -8.610591,
            42.243449
          ],
          [
            -8.610562,
            42.243635
          ],
          [
            -8.610511,
            42.243833
          ],
          [
            -8.610428,
            42.244077
          ],
          [
            -8.610363,
            42.24425
          ],
          [
            -8.610327,
            42.244415
          ],
          [
            -8.610296,
            42.244579
          ],
          [
            -8.610273,
            42.244694
          ],
          [
            -8.610259,
            42.244803
          ],
          [
            -8.610189,
            42.245039
          ],
          [
            -8.610183,
            42.245148
          ],
          [
            -8.610147,
            42.245232
          ],
          [
            -8.610073,
            42.245339
          ],
          [
            -8.609964,
            42.245463
          ],
          [
            -8.609901,
            42.245566
          ],
          [
            -8.609854,
            42.245657
          ],
          [
            -8.60983,
            42.245753
          ],
          [
            -8.609852,
            42.245894
          ],
          [
            -8.609914,
            42.246058
          ],
          [
            -8.609991,
            42.246231
          ],
          [
            -8.610091,
            42.246377
          ],
          [
            -8.610197,
            42.246536
          ],
          [
            -8.610266,
            42.246683
          ],
          [
            -8.610349,
            42.246891
          ],
          [
            -8.610416,
            42.247078
          ],
          [
            -8.610493,
            42.247223
          ],
          [
            -8.610565,
            42.247379
          ],
          [
            -8.610627,
            42.24753
          ],
          [
            -8.610684,
            42.247736
          ],
          [
            -8.610722,
            42.247852
          ],
          [
            -8.610771,
            42.248005
          ],
          [
            -8.610836,
            42.248108
          ],
          [
            -8.610864,
            42.248196
          ],
          [
            -8.6109,
            42.248306
          ],
          [
            -8.61094,
            42.248456
          ],
          [
            -8.610988,
            42.248608
          ],
          [
            -8.610985,
            42.248713
          ],
          [
            -8.610976,
            42.248805
          ],
          [
            -8.610922,
            42.2489
          ],
          [
            -8.610868,
            42.249023
          ],
          [
            -8.610818,
            42.249135
          ],
          [
            -8.610782,
            42.249265
          ],
          [
            -8.610784,
            42.249364
          ],
          [
            -8.610797,
            42.249452
          ],
          [
            -8.610841,
            42.249565
          ],
          [
            -8.610924,
            42.249751
          ],
          [
            -8.611005,
            42.24992
          ],
          [
            -8.611078,
            42.250077
          ],
          [
            -8.61113,
            42.250252
          ],
          [
            -8.611203,
            42.250461
          ],
          [
            -8.611242,
            42.250594
          ],
          [
            -8.611271,
            42.250687
          ],
          [
            -8.611277,
            42.2508
          ],
          [
            -8.611278,
            42.250816
          ],
          [
            -8.611283,
            42.250875
          ],
          [
            -8.611305,
            42.25094
          ],
          [
            -8.611348,
            42.251018
          ],
          [
            -8.611399,
            42.251073
          ],
          [
            -8.611437,
            42.25114
          ],
          [
            -8.611452,
            42.251197
          ],
          [
            -8.611455,
            42.251268
          ],
          [
            -8.611436,
            42.251362
          ],
          [
            -8.611377,
            42.251438
          ],
          [
            -8.611271,
            42.25154
          ],
          [
            -8.611203,
            42.251624
          ],
          [
            -8.611213,
            42.251701
          ],
          [
            -8.611202,
            42.251798
          ],
          [
            -8.611241,
            42.251892
          ],
          [
            -8.611335,
            42.25198
          ],
          [
            -8.611374,
            42.252028
          ],
          [
            -8.611327,
            42.252088
          ],
          [
            -8.611225,
            42.252163
          ],
          [
            -8.611126,
            42.252225
          ],
          [
            -8.61099,
            42.252318
          ],
          [
            -8.610891,
            42.252376
          ],
          [
            -8.6108,
            42.252475
          ],
          [
            -8.610708,
            42.252552
          ],
          [
            -8.610582,
            42.252654
          ],
          [
            -8.610441,
            42.252716
          ],
          [
            -8.610312,
            42.252768
          ],
          [
            -8.61024,
            42.252792
          ],
          [
            -8.610228,
            42.252832
          ],
          [
            -8.610249,
            42.25295
          ],
          [
            -8.61029,
            42.253098
          ],
          [
            -8.610353,
            42.253243
          ],
          [
            -8.610462,
            42.253382
          ],
          [
            -8.610553,
            42.25347
          ],
          [
            -8.610666,
            42.253555
          ],
          [
            -8.610747,
            42.253626
          ],
          [
            -8.610726,
            42.253692
          ],
          [
            -8.610655,
            42.253737
          ],
          [
            -8.610551,
            42.253759
          ],
          [
            -8.610437,
            42.253773
          ],
          [
            -8.6102,
            42.253833
          ],
          [
            -8.60995,
            42.253922
          ],
          [
            -8.609503,
            42.254081
          ],
          [
            -8.609357,
            42.254153
          ],
          [
            -8.6093,
            42.254254
          ],
          [
            -8.609437,
            42.254335
          ],
          [
            -8.609587,
            42.254457
          ],
          [
            -8.609685,
            42.25458
          ],
          [
            -8.609738,
            42.254689
          ],
          [
            -8.609805,
            42.254775
          ],
          [
            -8.609947,
            42.254918
          ],
          [
            -8.610057,
            42.255044
          ],
          [
            -8.610074,
            42.255133
          ],
          [
            -8.610058,
            42.255243
          ],
          [
            -8.610043,
            42.255381
          ],
          [
            -8.610019,
            42.255521
          ],
          [
            -8.609998,
            42.255615
          ],
          [
            -8.609968,
            42.255702
          ],
          [
            -8.609906,
            42.255793
          ],
          [
            -8.60978,
            42.255888
          ],
          [
            -8.609633,
            42.256015
          ],
          [
            -8.609542,
            42.256147
          ],
          [
            -8.609467,
            42.256251
          ],
          [
            -8.609427,
            42.256346
          ],
          [
            -8.609368,
            42.256435
          ],
          [
            -8.609196,
            42.256645
          ],
          [
            -8.609045,
            42.256823
          ],
          [
            -8.608962,
            42.256953
          ],
          [
            -8.608836,
            42.257215
          ],
          [
            -8.608731,
            42.257473
          ],
          [
            -8.608649,
            42.257656
          ],
          [
            -8.608547,
            42.257913
          ],
          [
            -8.608461,
            42.258173
          ],
          [
            -8.6084,
            42.258353
          ],
          [
            -8.608343,
            42.258523
          ],
          [
            -8.60831,
            42.258604
          ],
          [
            -8.60825,
            42.258733
          ],
          [
            -8.608168,
            42.258895
          ],
          [
            -8.608116,
            42.259037
          ],
          [
            -8.608099,
            42.259142
          ],
          [
            -8.608079,
            42.259294
          ],
          [
            -8.608055,
            42.259401
          ],
          [
            -8.607974,
            42.259532
          ],
          [
            -8.607902,
            42.259618
          ],
          [
            -8.607889,
            42.259666
          ],
          [
            -8.607923,
            42.259799
          ],
          [
            -8.607915,
            42.259941
          ],
          [
            -8.607912,
            42.260166
          ],
          [
            -8.60792,
            42.260342
          ],
          [
            -8.607951,
            42.260454
          ],
          [
            -8.607973,
            42.260625
          ],
          [
            -8.607974,
            42.260782
          ],
          [
            -8.60795,
            42.260929
          ],
          [
            -8.607944,
            42.261036
          ],
          [
            -8.607908,
            42.261138
          ],
          [
            -8.607864,
            42.261226
          ],
          [
            -8.607814,
            42.261303
          ],
          [
            -8.607748,
            42.261417
          ],
          [
            -8.607689,
            42.261556
          ],
          [
            -8.607642,
            42.261721
          ],
          [
            -8.607619,
            42.26186
          ],
          [
            -8.607594,
            42.262051
          ],
          [
            -8.607609,
            42.26218
          ],
          [
            -8.607613,
            42.262272
          ],
          [
            -8.607628,
            42.262401
          ],
          [
            -8.607657,
            42.262528
          ],
          [
            -8.607702,
            42.262623
          ],
          [
            -8.607757,
            42.262722
          ],
          [
            -8.607821,
            42.26282
          ],
          [
            -8.607911,
            42.262964
          ],
          [
            -8.607955,
            42.263039
          ],
          [
            -8.607987,
            42.263126
          ],
          [
            -8.608007,
            42.263242
          ],
          [
            -8.608002,
            42.263366
          ],
          [
            -8.608018,
            42.263502
          ],
          [
            -8.608046,
            42.263618
          ],
          [
            -8.608041,
            42.263668
          ],
          [
            -8.60806,
            42.263766
          ],
          [
            -8.608107,
            42.263915
          ],
          [
            -8.608167,
            42.26411
          ],
          [
            -8.608187,
            42.26421
          ],
          [
            -8.608229,
            42.264382
          ],
          [
            -8.60824,
            42.264486
          ],
          [
            -8.608247,
            42.264569
          ],
          [
            -8.608263,
            42.264731
          ],
          [
            -8.608269,
            42.264852
          ],
          [
            -8.608282,
            42.265018
          ],
          [
            -8.608283,
            42.265212
          ],
          [
            -8.608317,
            42.265301
          ],
          [
            -8.60844,
            42.26547
          ],
          [
            -8.608576,
            42.265665
          ],
          [
            -8.608683,
            42.265844
          ],
          [
            -8.608795,
            42.266151
          ],
          [
            -8.608853,
            42.266255
          ],
          [
            -8.608961,
            42.266464
          ],
          [
            -8.609039,
            42.266648
          ],
          [
            -8.609122,
            42.2668
          ],
          [
            -8.609265,
            42.266966
          ],
          [
            -8.609507,
            42.267325
          ],
          [
            -8.60959,
            42.267494
          ],
          [
            -8.609656,
            42.267615
          ],
          [
            -8.609686,
            42.26776
          ],
          [
            -8.609699,
            42.267851
          ],
          [
            -8.609718,
            42.267945
          ],
          [
            -8.609802,
            42.268227
          ],
          [
            -8.609888,
            42.268493
          ],
          [
            -8.609981,
            42.268686
          ],
          [
            -8.610108,
            42.268897
          ],
          [
            -8.610239,
            42.269064
          ],
          [
            -8.610408,
            42.269297
          ],
          [
            -8.61052,
            42.269431
          ],
          [
            -8.610625,
            42.269617
          ],
          [
            -8.61071,
            42.269768
          ],
          [
            -8.610792,
            42.269941
          ],
          [
            -8.610891,
            42.270114
          ],
          [
            -8.610973,
            42.270289
          ],
          [
            -8.611014,
            42.270399
          ],
          [
            -8.61103,
            42.270546
          ],
          [
            -8.611008,
            42.270632
          ],
          [
            -8.610967,
            42.270724
          ],
          [
            -8.610909,
            42.270872
          ],
          [
            -8.610836,
            42.271071
          ],
          [
            -8.610777,
            42.271125
          ],
          [
            -8.610714,
            42.271205
          ],
          [
            -8.610607,
            42.271311
          ],
          [
            -8.610516,
            42.271436
          ],
          [
            -8.610438,
            42.271558
          ],
          [
            -8.610349,
            42.271783
          ],
          [
            -8.610352,
            42.271958
          ],
          [
            -8.610355,
            42.272148
          ],
          [
            -8.610352,
            42.272385
          ],
          [
            -8.610354,
            42.27261
          ],
          [
            -8.610348,
            42.272833
          ],
          [
            -8.610354,
            42.273072
          ],
          [
            -8.610347,
            42.273312
          ],
          [
            -8.61035,
            42.273492
          ],
          [
            -8.610356,
            42.273682
          ],
          [
            -8.61036,
            42.27385
          ],
          [
            -8.61036,
            42.274102
          ],
          [
            -8.610358,
            42.274404
          ],
          [
            -8.610356,
            42.274828
          ],
          [
            -8.610348,
            42.275327
          ],
          [
            -8.610348,
            42.275695
          ],
          [
            -8.610331,
            42.275968
          ],
          [
            -8.610335,
            42.276131
          ],
          [
            -8.610339,
            42.276337
          ],
          [
            -8.610352,
            42.276516
          ],
          [
            -8.610357,
            42.276615
          ],
          [
            -8.610329,
            42.276683
          ],
          [
            -8.61022,
            42.276718
          ],
          [
            -8.610223,
            42.276734
          ],
          [
            -8.61024,
            42.276871
          ],
          [
            -8.610224,
            42.277065
          ],
          [
            -8.610228,
            42.277407
          ],
          [
            -8.610152,
            42.277767
          ],
          [
            -8.610112,
            42.277858
          ],
          [
            -8.610071,
            42.277949
          ],
          [
            -8.609967,
            42.278324
          ],
          [
            -8.609932,
            42.278523
          ],
          [
            -8.609974,
            42.278614
          ],
          [
            -8.610039,
            42.278693
          ],
          [
            -8.610141,
            42.278808
          ],
          [
            -8.610276,
            42.278958
          ],
          [
            -8.610363,
            42.27906
          ],
          [
            -8.610398,
            42.279137
          ],
          [
            -8.610425,
            42.279215
          ],
          [
            -8.610471,
            42.279321
          ],
          [
            -8.610597,
            42.279319
          ],
          [
            -8.610595,
            42.279359
          ],
          [
            -8.610586,
            42.279512
          ],
          [
            -8.610572,
            42.279701
          ],
          [
            -8.610553,
            42.279858
          ],
          [
            -8.610529,
            42.280027
          ],
          [
            -8.610508,
            42.280144
          ],
          [
            -8.610473,
            42.280318
          ],
          [
            -8.610428,
            42.280447
          ],
          [
            -8.610368,
            42.280574
          ],
          [
            -8.610082,
            42.280717
          ],
          [
            -8.609938,
            42.280783
          ],
          [
            -8.609617,
            42.280903
          ],
          [
            -8.609471,
            42.281068
          ],
          [
            -8.609248,
            42.281264
          ],
          [
            -8.609025,
            42.281503
          ],
          [
            -8.60893,
            42.281634
          ],
          [
            -8.608829,
            42.281776
          ],
          [
            -8.608708,
            42.281861
          ],
          [
            -8.608844,
            42.281931
          ],
          [
            -8.608971,
            42.282016
          ],
          [
            -8.608771,
            42.282154
          ],
          [
            -8.608567,
            42.28233
          ],
          [
            -8.608538,
            42.282355
          ],
          [
            -8.608504,
            42.282389
          ],
          [
            -8.608446,
            42.282474
          ],
          [
            -8.608369,
            42.282605
          ],
          [
            -8.608262,
            42.282766
          ],
          [
            -8.608236,
            42.28284
          ],
          [
            -8.608166,
            42.283127
          ],
          [
            -8.60811,
            42.283253
          ],
          [
            -8.608017,
            42.283403
          ],
          [
            -8.60788,
            42.283604
          ],
          [
            -8.60779,
            42.283727
          ],
          [
            -8.607751,
            42.283813
          ],
          [
            -8.607742,
            42.283901
          ],
          [
            -8.607746,
            42.283976
          ],
          [
            -8.607761,
            42.284043
          ],
          [
            -8.607802,
            42.28416
          ],
          [
            -8.607849,
            42.284305
          ],
          [
            -8.607848,
            42.284386
          ],
          [
            -8.607853,
            42.284481
          ],
          [
            -8.607846,
            42.28458
          ],
          [
            -8.607829,
            42.284698
          ],
          [
            -8.607791,
            42.284836
          ],
          [
            -8.607741,
            42.285015
          ],
          [
            -8.607715,
            42.28515
          ],
          [
            -8.607688,
            42.285195
          ],
          [
            -8.607645,
            42.285291
          ],
          [
            -8.607608,
            42.285381
          ],
          [
            -8.607602,
            42.285444
          ],
          [
            -8.60761,
            42.285497
          ],
          [
            -8.60762,
            42.285558
          ],
          [
            -8.607632,
            42.285634
          ],
          [
            -8.607649,
            42.285704
          ],
          [
            -8.607676,
            42.285828
          ],
          [
            -8.607698,
            42.285994
          ],
          [
            -8.607748,
            42.286185
          ],
          [
            -8.607767,
            42.286274
          ],
          [
            -8.607832,
            42.286351
          ],
          [
            -8.607937,
            42.286444
          ],
          [
            -8.608017,
            42.286552
          ],
          [
            -8.608052,
            42.286664
          ],
          [
            -8.608097,
            42.286861
          ],
          [
            -8.608194,
            42.287142
          ],
          [
            -8.608239,
            42.287295
          ],
          [
            -8.608352,
            42.287451
          ],
          [
            -8.608427,
            42.287541
          ],
          [
            -8.608458,
            42.28763
          ],
          [
            -8.608472,
            42.287732
          ],
          [
            -8.608472,
            42.287822
          ],
          [
            -8.608482,
            42.28791
          ],
          [
            -8.608505,
            42.288003
          ],
          [
            -8.608553,
            42.288068
          ],
          [
            -8.608683,
            42.288125
          ],
          [
            -8.608652,
            42.288198
          ],
          [
            -8.608664,
            42.288313
          ],
          [
            -8.608755,
            42.288325
          ],
          [
            -8.608748,
            42.28843
          ],
          [
            -8.608735,
            42.288484
          ],
          [
            -8.608719,
            42.288545
          ],
          [
            -8.60868,
            42.288709
          ],
          [
            -8.60867,
            42.288882
          ],
          [
            -8.608618,
            42.289104
          ],
          [
            -8.608569,
            42.289352
          ],
          [
            -8.608539,
            42.28952
          ],
          [
            -8.60852,
            42.289649
          ],
          [
            -8.608522,
            42.289764
          ],
          [
            -8.608477,
            42.289923
          ],
          [
            -8.608431,
            42.290153
          ],
          [
            -8.60837,
            42.290378
          ],
          [
            -8.608313,
            42.290515
          ],
          [
            -8.608213,
            42.290774
          ],
          [
            -8.608118,
            42.29103
          ],
          [
            -8.60803,
            42.291261
          ],
          [
            -8.608,
            42.291395
          ],
          [
            -8.607972,
            42.29154
          ],
          [
            -8.607922,
            42.291767
          ],
          [
            -8.607881,
            42.291999
          ],
          [
            -8.607853,
            42.292184
          ],
          [
            -8.607781,
            42.292429
          ],
          [
            -8.60769,
            42.292694
          ],
          [
            -8.607626,
            42.292977
          ],
          [
            -8.607604,
            42.293156
          ],
          [
            -8.607587,
            42.293241
          ],
          [
            -8.607529,
            42.293305
          ],
          [
            -8.607481,
            42.293389
          ],
          [
            -8.607439,
            42.293454
          ],
          [
            -8.607385,
            42.293552
          ],
          [
            -8.607371,
            42.293631
          ],
          [
            -8.60737,
            42.293708
          ],
          [
            -8.607397,
            42.293809
          ],
          [
            -8.607449,
            42.293916
          ],
          [
            -8.607512,
            42.293979
          ],
          [
            -8.607587,
            42.294027
          ],
          [
            -8.607706,
            42.29408
          ],
          [
            -8.607959,
            42.294184
          ],
          [
            -8.608204,
            42.294293
          ],
          [
            -8.608552,
            42.294496
          ],
          [
            -8.608735,
            42.294604
          ],
          [
            -8.608911,
            42.294738
          ],
          [
            -8.60913,
            42.294954
          ],
          [
            -8.609269,
            42.295097
          ],
          [
            -8.609449,
            42.29533
          ],
          [
            -8.609618,
            42.295528
          ],
          [
            -8.609791,
            42.295699
          ],
          [
            -8.609976,
            42.295833
          ],
          [
            -8.610107,
            42.295945
          ],
          [
            -8.610266,
            42.296175
          ],
          [
            -8.610298,
            42.29625
          ],
          [
            -8.610279,
            42.296334
          ],
          [
            -8.610255,
            42.296446
          ],
          [
            -8.610206,
            42.296543
          ],
          [
            -8.610213,
            42.296605
          ],
          [
            -8.610206,
            42.296731
          ],
          [
            -8.610194,
            42.296968
          ],
          [
            -8.610139,
            42.297197
          ],
          [
            -8.610087,
            42.297389
          ],
          [
            -8.610034,
            42.297518
          ],
          [
            -8.609948,
            42.297716
          ],
          [
            -8.609884,
            42.297894
          ],
          [
            -8.609826,
            42.298034
          ],
          [
            -8.609765,
            42.298111
          ],
          [
            -8.609706,
            42.298217
          ],
          [
            -8.609642,
            42.298356
          ],
          [
            -8.609601,
            42.298533
          ],
          [
            -8.60956,
            42.298705
          ],
          [
            -8.609555,
            42.298868
          ],
          [
            -8.609574,
            42.298983
          ],
          [
            -8.609587,
            42.299088
          ],
          [
            -8.609579,
            42.299212
          ],
          [
            -8.609545,
            42.299317
          ],
          [
            -8.609565,
            42.299408
          ],
          [
            -8.609592,
            42.299474
          ],
          [
            -8.609458,
            42.299505
          ],
          [
            -8.609274,
            42.299576
          ],
          [
            -8.609133,
            42.299633
          ],
          [
            -8.608996,
            42.29974
          ],
          [
            -8.608924,
            42.299828
          ],
          [
            -8.608861,
            42.299914
          ],
          [
            -8.608806,
            42.299999
          ],
          [
            -8.608736,
            42.30008
          ],
          [
            -8.608675,
            42.300141
          ],
          [
            -8.608577,
            42.300216
          ],
          [
            -8.608502,
            42.300274
          ],
          [
            -8.608381,
            42.30033
          ],
          [
            -8.608253,
            42.300384
          ],
          [
            -8.608125,
            42.300466
          ],
          [
            -8.608125,
            42.300468
          ],
          [
            -8.608131,
            42.300516
          ],
          [
            -8.608175,
            42.300592
          ],
          [
            -8.60828,
            42.300684
          ],
          [
            -8.608365,
            42.300767
          ],
          [
            -8.608403,
            42.300827
          ],
          [
            -8.60838,
            42.300872
          ],
          [
            -8.608347,
            42.300927
          ],
          [
            -8.608275,
            42.30104
          ],
          [
            -8.608229,
            42.30116
          ],
          [
            -8.608249,
            42.301248
          ],
          [
            -8.608259,
            42.301351
          ],
          [
            -8.608219,
            42.301467
          ],
          [
            -8.608156,
            42.301563
          ],
          [
            -8.608124,
            42.301683
          ],
          [
            -8.608058,
            42.301826
          ],
          [
            -8.607995,
            42.301931
          ],
          [
            -8.607918,
            42.302011
          ],
          [
            -8.607773,
            42.302155
          ],
          [
            -8.607642,
            42.30226
          ],
          [
            -8.607426,
            42.302444
          ],
          [
            -8.607236,
            42.302606
          ],
          [
            -8.607084,
            42.302762
          ],
          [
            -8.606939,
            42.302889
          ],
          [
            -8.606724,
            42.303096
          ],
          [
            -8.60659,
            42.303198
          ],
          [
            -8.606394,
            42.303358
          ],
          [
            -8.606279,
            42.303489
          ],
          [
            -8.606201,
            42.303586
          ],
          [
            -8.606167,
            42.303703
          ],
          [
            -8.60613,
            42.303816
          ],
          [
            -8.606083,
            42.303918
          ],
          [
            -8.606027,
            42.303979
          ],
          [
            -8.605943,
            42.304003
          ],
          [
            -8.605904,
            42.304029
          ],
          [
            -8.605907,
            42.304057
          ],
          [
            -8.605928,
            42.304136
          ],
          [
            -8.605936,
            42.304347
          ],
          [
            -8.605936,
            42.304634
          ],
          [
            -8.605896,
            42.304769
          ],
          [
            -8.605892,
            42.304861
          ],
          [
            -8.60592,
            42.304993
          ],
          [
            -8.605907,
            42.305133
          ],
          [
            -8.60586,
            42.305312
          ],
          [
            -8.60581,
            42.305548
          ],
          [
            -8.605786,
            42.305712
          ],
          [
            -8.605751,
            42.305891
          ],
          [
            -8.605717,
            42.30601
          ],
          [
            -8.605635,
            42.306206
          ],
          [
            -8.60554,
            42.306385
          ],
          [
            -8.605478,
            42.306434
          ],
          [
            -8.605334,
            42.306473
          ],
          [
            -8.605225,
            42.306539
          ],
          [
            -8.6051,
            42.306628
          ],
          [
            -8.604884,
            42.30676
          ],
          [
            -8.604862,
            42.306791
          ],
          [
            -8.604936,
            42.306841
          ],
          [
            -8.605098,
            42.306929
          ],
          [
            -8.605227,
            42.306984
          ],
          [
            -8.605421,
            42.30706
          ],
          [
            -8.605332,
            42.307175
          ],
          [
            -8.605286,
            42.30717
          ],
          [
            -8.605198,
            42.307169
          ],
          [
            -8.605099,
            42.307172
          ],
          [
            -8.605024,
            42.307182
          ],
          [
            -8.604957,
            42.30721
          ],
          [
            -8.604775,
            42.30751
          ],
          [
            -8.604788,
            42.307613
          ],
          [
            -8.604694,
            42.307676
          ],
          [
            -8.604594,
            42.307676
          ],
          [
            -8.604481,
            42.30771
          ],
          [
            -8.604293,
            42.307773
          ],
          [
            -8.604054,
            42.307862
          ],
          [
            -8.603883,
            42.307958
          ],
          [
            -8.603727,
            42.308101
          ],
          [
            -8.603588,
            42.30824
          ],
          [
            -8.603435,
            42.308409
          ],
          [
            -8.603299,
            42.308572
          ],
          [
            -8.603256,
            42.308716
          ],
          [
            -8.603234,
            42.308882
          ],
          [
            -8.603224,
            42.309167
          ],
          [
            -8.60322,
            42.30951
          ],
          [
            -8.603206,
            42.309682
          ],
          [
            -8.603187,
            42.309862
          ],
          [
            -8.603142,
            42.31004
          ],
          [
            -8.603107,
            42.310136
          ],
          [
            -8.603312,
            42.31023
          ],
          [
            -8.603625,
            42.310347
          ],
          [
            -8.603685,
            42.310379
          ],
          [
            -8.603724,
            42.310472
          ],
          [
            -8.603809,
            42.310606
          ],
          [
            -8.60397,
            42.310783
          ],
          [
            -8.604102,
            42.310904
          ],
          [
            -8.604227,
            42.310987
          ],
          [
            -8.604383,
            42.311044
          ],
          [
            -8.604467,
            42.311104
          ],
          [
            -8.604561,
            42.311189
          ],
          [
            -8.604652,
            42.311287
          ],
          [
            -8.604688,
            42.31137
          ],
          [
            -8.604746,
            42.311482
          ],
          [
            -8.60484,
            42.311606
          ],
          [
            -8.604985,
            42.311734
          ],
          [
            -8.605062,
            42.311788
          ],
          [
            -8.605262,
            42.31193
          ],
          [
            -8.60552,
            42.312143
          ],
          [
            -8.605596,
            42.312273
          ],
          [
            -8.605747,
            42.312505
          ],
          [
            -8.605883,
            42.312831
          ],
          [
            -8.606007,
            42.313093
          ],
          [
            -8.606068,
            42.313242
          ],
          [
            -8.606111,
            42.313393
          ],
          [
            -8.606125,
            42.31358
          ],
          [
            -8.606153,
            42.313844
          ],
          [
            -8.606189,
            42.31404
          ],
          [
            -8.606286,
            42.31425
          ],
          [
            -8.606355,
            42.314402
          ],
          [
            -8.60643,
            42.314457
          ],
          [
            -8.606597,
            42.314625
          ],
          [
            -8.606742,
            42.314808
          ],
          [
            -8.606839,
            42.314987
          ],
          [
            -8.606885,
            42.315062
          ],
          [
            -8.607009,
            42.315163
          ],
          [
            -8.607126,
            42.315279
          ],
          [
            -8.607209,
            42.315423
          ],
          [
            -8.60734,
            42.315625
          ],
          [
            -8.607445,
            42.315772
          ],
          [
            -8.607496,
            42.315872
          ],
          [
            -8.607507,
            42.315955
          ],
          [
            -8.60747,
            42.316024
          ],
          [
            -8.607454,
            42.316164
          ],
          [
            -8.607436,
            42.316343
          ],
          [
            -8.607434,
            42.316398
          ],
          [
            -8.60747,
            42.316478
          ],
          [
            -8.607508,
            42.316628
          ],
          [
            -8.607491,
            42.316665
          ],
          [
            -8.607473,
            42.316701
          ],
          [
            -8.607404,
            42.316783
          ],
          [
            -8.607352,
            42.316864
          ],
          [
            -8.607292,
            42.31697
          ],
          [
            -8.607215,
            42.317129
          ],
          [
            -8.607163,
            42.317253
          ],
          [
            -8.607066,
            42.317391
          ],
          [
            -8.606962,
            42.317536
          ],
          [
            -8.60683,
            42.317695
          ],
          [
            -8.606689,
            42.31783
          ],
          [
            -8.606538,
            42.317933
          ],
          [
            -8.606434,
            42.318001
          ],
          [
            -8.606293,
            42.31807
          ],
          [
            -8.60618,
            42.318152
          ],
          [
            -8.60611,
            42.318226
          ],
          [
            -8.606025,
            42.318328
          ],
          [
            -8.60597,
            42.318425
          ],
          [
            -8.605964,
            42.318486
          ],
          [
            -8.60602,
            42.31859
          ],
          [
            -8.606076,
            42.318687
          ],
          [
            -8.606132,
            42.318797
          ],
          [
            -8.606153,
            42.31892
          ],
          [
            -8.606146,
            42.31908
          ],
          [
            -8.606178,
            42.319327
          ],
          [
            -8.606239,
            42.319527
          ],
          [
            -8.606366,
            42.319709
          ],
          [
            -8.606563,
            42.319955
          ],
          [
            -8.606742,
            42.320133
          ],
          [
            -8.606983,
            42.320278
          ],
          [
            -8.607134,
            42.320387
          ],
          [
            -8.60735,
            42.320533
          ],
          [
            -8.607492,
            42.320694
          ],
          [
            -8.607537,
            42.320862
          ],
          [
            -8.607561,
            42.321026
          ],
          [
            -8.607577,
            42.321212
          ],
          [
            -8.60754,
            42.321365
          ],
          [
            -8.607467,
            42.321535
          ],
          [
            -8.607412,
            42.321722
          ],
          [
            -8.607351,
            42.321897
          ],
          [
            -8.607275,
            42.322177
          ],
          [
            -8.607239,
            42.322433
          ],
          [
            -8.60721,
            42.322651
          ],
          [
            -8.607194,
            42.322957
          ],
          [
            -8.607184,
            42.32324
          ],
          [
            -8.607207,
            42.323293
          ],
          [
            -8.607216,
            42.323485
          ],
          [
            -8.607204,
            42.323678
          ],
          [
            -8.607183,
            42.323761
          ],
          [
            -8.607165,
            42.323915
          ],
          [
            -8.6071,
            42.324144
          ],
          [
            -8.607072,
            42.324315
          ],
          [
            -8.607063,
            42.324471
          ],
          [
            -8.607009,
            42.324693
          ],
          [
            -8.606967,
            42.32481
          ],
          [
            -8.606919,
            42.324984
          ],
          [
            -8.606851,
            42.325138
          ],
          [
            -8.606788,
            42.325282
          ],
          [
            -8.606738,
            42.325402
          ],
          [
            -8.606652,
            42.325505
          ],
          [
            -8.606491,
            42.325685
          ],
          [
            -8.606313,
            42.32588
          ],
          [
            -8.606237,
            42.325984
          ],
          [
            -8.606199,
            42.326092
          ],
          [
            -8.606198,
            42.326161
          ],
          [
            -8.606214,
            42.326231
          ],
          [
            -8.606241,
            42.326304
          ],
          [
            -8.606241,
            42.326364
          ],
          [
            -8.606225,
            42.326487
          ],
          [
            -8.60619,
            42.326605
          ],
          [
            -8.606138,
            42.32667
          ],
          [
            -8.606077,
            42.326731
          ],
          [
            -8.605998,
            42.32679
          ],
          [
            -8.605904,
            42.326901
          ],
          [
            -8.605828,
            42.326973
          ],
          [
            -8.605736,
            42.327095
          ],
          [
            -8.605667,
            42.327202
          ],
          [
            -8.605636,
            42.327331
          ],
          [
            -8.605617,
            42.327407
          ],
          [
            -8.60559,
            42.327556
          ],
          [
            -8.605613,
            42.327679
          ],
          [
            -8.605812,
            42.32775
          ],
          [
            -8.605814,
            42.327874
          ],
          [
            -8.605827,
            42.328044
          ],
          [
            -8.605876,
            42.328216
          ],
          [
            -8.605951,
            42.328409
          ],
          [
            -8.606072,
            42.328605
          ],
          [
            -8.606247,
            42.328861
          ],
          [
            -8.606443,
            42.329125
          ],
          [
            -8.606616,
            42.329408
          ],
          [
            -8.606741,
            42.329614
          ],
          [
            -8.606816,
            42.329806
          ],
          [
            -8.606851,
            42.329995
          ],
          [
            -8.606883,
            42.330199
          ],
          [
            -8.606904,
            42.330314
          ],
          [
            -8.606921,
            42.33058
          ],
          [
            -8.606938,
            42.330853
          ],
          [
            -8.606959,
            42.33104
          ],
          [
            -8.606968,
            42.3313
          ],
          [
            -8.606962,
            42.33147
          ],
          [
            -8.606958,
            42.331662
          ],
          [
            -8.60696,
            42.331822
          ],
          [
            -8.606941,
            42.332053
          ],
          [
            -8.606938,
            42.332181
          ],
          [
            -8.606935,
            42.332309
          ],
          [
            -8.606905,
            42.33263
          ],
          [
            -8.606873,
            42.332881
          ],
          [
            -8.606978,
            42.3329
          ],
          [
            -8.607107,
            42.332901
          ],
          [
            -8.607209,
            42.33292
          ],
          [
            -8.607285,
            42.332993
          ],
          [
            -8.607373,
            42.333166
          ],
          [
            -8.607423,
            42.333279
          ],
          [
            -8.607432,
            42.333339
          ],
          [
            -8.607431,
            42.333438
          ],
          [
            -8.607429,
            42.333566
          ],
          [
            -8.607425,
            42.333686
          ],
          [
            -8.607433,
            42.333886
          ],
          [
            -8.607443,
            42.334032
          ],
          [
            -8.607438,
            42.334188
          ],
          [
            -8.607437,
            42.334331
          ],
          [
            -8.607438,
            42.334445
          ],
          [
            -8.607416,
            42.33459
          ],
          [
            -8.607428,
            42.33475
          ],
          [
            -8.60745,
            42.334861
          ],
          [
            -8.607498,
            42.334928
          ],
          [
            -8.607601,
            42.335067
          ],
          [
            -8.607682,
            42.335163
          ],
          [
            -8.607804,
            42.335265
          ],
          [
            -8.607943,
            42.335371
          ],
          [
            -8.607981,
            42.335435
          ],
          [
            -8.607992,
            42.335485
          ],
          [
            -8.607944,
            42.335524
          ],
          [
            -8.607887,
            42.335601
          ],
          [
            -8.60785,
            42.335673
          ],
          [
            -8.607825,
            42.335776
          ],
          [
            -8.607788,
            42.335861
          ],
          [
            -8.607717,
            42.33592
          ],
          [
            -8.60759,
            42.335986
          ],
          [
            -8.607434,
            42.336082
          ],
          [
            -8.607358,
            42.336142
          ],
          [
            -8.607486,
            42.336414
          ],
          [
            -8.607301,
            42.336457
          ],
          [
            -8.607238,
            42.336287
          ],
          [
            -8.607152,
            42.336309
          ],
          [
            -8.606885,
            42.336441
          ],
          [
            -8.606751,
            42.336512
          ],
          [
            -8.606698,
            42.336587
          ],
          [
            -8.606654,
            42.336685
          ],
          [
            -8.606636,
            42.336795
          ],
          [
            -8.606604,
            42.336948
          ],
          [
            -8.606586,
            42.337097
          ],
          [
            -8.606573,
            42.337193
          ],
          [
            -8.606595,
            42.337264
          ],
          [
            -8.606629,
            42.337357
          ],
          [
            -8.606652,
            42.337454
          ],
          [
            -8.606648,
            42.3375
          ],
          [
            -8.606637,
            42.337549
          ],
          [
            -8.606591,
            42.337641
          ],
          [
            -8.606521,
            42.337817
          ],
          [
            -8.606497,
            42.337876
          ],
          [
            -8.606503,
            42.337947
          ],
          [
            -8.606506,
            42.338077
          ],
          [
            -8.606508,
            42.338147
          ],
          [
            -8.606495,
            42.338256
          ],
          [
            -8.606512,
            42.338347
          ],
          [
            -8.606548,
            42.338554
          ],
          [
            -8.606529,
            42.338642
          ],
          [
            -8.606518,
            42.338666
          ],
          [
            -8.606501,
            42.338704
          ],
          [
            -8.606449,
            42.338773
          ],
          [
            -8.606422,
            42.338883
          ],
          [
            -8.606411,
            42.338972
          ],
          [
            -8.606435,
            42.339057
          ],
          [
            -8.606497,
            42.339138
          ],
          [
            -8.60657,
            42.33921
          ],
          [
            -8.60662,
            42.339297
          ],
          [
            -8.606647,
            42.339389
          ],
          [
            -8.606657,
            42.33948
          ],
          [
            -8.606664,
            42.339569
          ],
          [
            -8.606662,
            42.339655
          ],
          [
            -8.606656,
            42.339743
          ],
          [
            -8.606633,
            42.339845
          ],
          [
            -8.606646,
            42.33988
          ],
          [
            -8.606735,
            42.339963
          ],
          [
            -8.606821,
            42.340045
          ],
          [
            -8.606862,
            42.340093
          ],
          [
            -8.60691,
            42.340204
          ],
          [
            -8.607008,
            42.34038
          ],
          [
            -8.607081,
            42.340518
          ],
          [
            -8.607094,
            42.34058
          ],
          [
            -8.607115,
            42.34068
          ],
          [
            -8.607116,
            42.340779
          ],
          [
            -8.607127,
            42.340843
          ],
          [
            -8.607233,
            42.340883
          ],
          [
            -8.607472,
            42.340927
          ],
          [
            -8.607704,
            42.340956
          ],
          [
            -8.60788,
            42.340967
          ],
          [
            -8.608004,
            42.340982
          ],
          [
            -8.608071,
            42.341011
          ],
          [
            -8.608126,
            42.34106
          ],
          [
            -8.608216,
            42.341135
          ],
          [
            -8.608358,
            42.341225
          ],
          [
            -8.608468,
            42.341307
          ],
          [
            -8.608566,
            42.34137
          ],
          [
            -8.60867,
            42.341435
          ],
          [
            -8.608728,
            42.34149
          ],
          [
            -8.608749,
            42.34155
          ],
          [
            -8.608752,
            42.341618
          ],
          [
            -8.608736,
            42.341688
          ],
          [
            -8.608728,
            42.341734
          ],
          [
            -8.608734,
            42.341826
          ],
          [
            -8.608752,
            42.34192
          ],
          [
            -8.608779,
            42.342011
          ],
          [
            -8.608828,
            42.342128
          ],
          [
            -8.60884,
            42.342153
          ],
          [
            -8.608902,
            42.342288
          ],
          [
            -8.608967,
            42.342473
          ],
          [
            -8.609027,
            42.342701
          ],
          [
            -8.609019,
            42.342757
          ],
          [
            -8.609007,
            42.34292
          ],
          [
            -8.608963,
            42.343151
          ],
          [
            -8.60896,
            42.343247
          ],
          [
            -8.608942,
            42.343364
          ],
          [
            -8.608793,
            42.343498
          ],
          [
            -8.608689,
            42.343564
          ],
          [
            -8.608622,
            42.343611
          ],
          [
            -8.608537,
            42.343683
          ],
          [
            -8.6084,
            42.343814
          ],
          [
            -8.608302,
            42.343911
          ],
          [
            -8.608259,
            42.34397
          ],
          [
            -8.608233,
            42.344026
          ],
          [
            -8.608165,
            42.344067
          ],
          [
            -8.60808,
            42.344112
          ],
          [
            -8.60799,
            42.344148
          ],
          [
            -8.607809,
            42.344235
          ],
          [
            -8.607635,
            42.344312
          ],
          [
            -8.607406,
            42.344428
          ],
          [
            -8.607452,
            42.344526
          ],
          [
            -8.607528,
            42.344722
          ],
          [
            -8.607522,
            42.344799
          ],
          [
            -8.607466,
            42.344898
          ],
          [
            -8.607367,
            42.345032
          ],
          [
            -8.607299,
            42.345095
          ],
          [
            -8.607207,
            42.345179
          ],
          [
            -8.607119,
            42.345254
          ],
          [
            -8.606997,
            42.34531
          ],
          [
            -8.606943,
            42.34538
          ],
          [
            -8.6068,
            42.346163
          ],
          [
            -8.606734,
            42.34659
          ],
          [
            -8.606747,
            42.346634
          ],
          [
            -8.606991,
            42.346819
          ],
          [
            -8.607135,
            42.346941
          ],
          [
            -8.607199,
            42.34695
          ],
          [
            -8.607396,
            42.346925
          ],
          [
            -8.607519,
            42.346917
          ],
          [
            -8.607572,
            42.346944
          ],
          [
            -8.607479,
            42.346985
          ],
          [
            -8.607417,
            42.347056
          ],
          [
            -8.607377,
            42.347149
          ],
          [
            -8.60737,
            42.347263
          ],
          [
            -8.607406,
            42.347336
          ],
          [
            -8.607505,
            42.3473
          ],
          [
            -8.607637,
            42.347271
          ],
          [
            -8.607732,
            42.347314
          ],
          [
            -8.607771,
            42.347442
          ],
          [
            -8.607856,
            42.347645
          ],
          [
            -8.60788,
            42.347741
          ],
          [
            -8.607879,
            42.34786
          ],
          [
            -8.607872,
            42.347977
          ],
          [
            -8.60784,
            42.348202
          ],
          [
            -8.607873,
            42.348246
          ],
          [
            -8.608011,
            42.348287
          ],
          [
            -8.608388,
            42.34846
          ],
          [
            -8.60856,
            42.348542
          ],
          [
            -8.608507,
            42.348626
          ],
          [
            -8.608474,
            42.34876
          ],
          [
            -8.608441,
            42.349182
          ],
          [
            -8.60843,
            42.349304
          ],
          [
            -8.608338,
            42.349476
          ],
          [
            -8.608216,
            42.349673
          ],
          [
            -8.608215,
            42.349763
          ],
          [
            -8.608316,
            42.34983
          ],
          [
            -8.608548,
            42.349846
          ],
          [
            -8.608773,
            42.34984
          ],
          [
            -8.608959,
            42.349765
          ],
          [
            -8.609071,
            42.349691
          ],
          [
            -8.609125,
            42.349541
          ],
          [
            -8.609181,
            42.349448
          ],
          [
            -8.609244,
            42.349476
          ],
          [
            -8.609409,
            42.349515
          ],
          [
            -8.609563,
            42.34955
          ],
          [
            -8.609676,
            42.349748
          ],
          [
            -8.609979,
            42.350045
          ],
          [
            -8.610119,
            42.350077
          ],
          [
            -8.610288,
            42.350094
          ],
          [
            -8.610414,
            42.350101
          ],
          [
            -8.61068,
            42.350111
          ],
          [
            -8.610843,
            42.35013
          ],
          [
            -8.610957,
            42.35018
          ],
          [
            -8.611093,
            42.350288
          ],
          [
            -8.611207,
            42.350394
          ],
          [
            -8.611258,
            42.350494
          ],
          [
            -8.611312,
            42.35066
          ],
          [
            -8.611366,
            42.350784
          ],
          [
            -8.611447,
            42.350988
          ],
          [
            -8.611659,
            42.351325
          ],
          [
            -8.611687,
            42.351339
          ],
          [
            -8.611716,
            42.351352
          ],
          [
            -8.611832,
            42.351375
          ],
          [
            -8.611975,
            42.351389
          ],
          [
            -8.612068,
            42.351432
          ],
          [
            -8.612087,
            42.351486
          ],
          [
            -8.612109,
            42.351578
          ],
          [
            -8.6121,
            42.351666
          ],
          [
            -8.612063,
            42.351764
          ],
          [
            -8.61202,
            42.351896
          ],
          [
            -8.61196,
            42.352
          ],
          [
            -8.61192,
            42.352094
          ],
          [
            -8.611871,
            42.352158
          ],
          [
            -8.611808,
            42.352227
          ],
          [
            -8.611725,
            42.352281
          ],
          [
            -8.611662,
            42.352326
          ],
          [
            -8.611698,
            42.352361
          ],
          [
            -8.611802,
            42.352427
          ],
          [
            -8.611847,
            42.352503
          ],
          [
            -8.611915,
            42.352596
          ],
          [
            -8.611961,
            42.352651
          ],
          [
            -8.612012,
            42.35269
          ],
          [
            -8.612072,
            42.352734
          ],
          [
            -8.612164,
            42.352769
          ],
          [
            -8.612233,
            42.352815
          ],
          [
            -8.612279,
            42.352861
          ],
          [
            -8.612301,
            42.352925
          ],
          [
            -8.612303,
            42.352988
          ],
          [
            -8.612338,
            42.353032
          ],
          [
            -8.612464,
            42.353053
          ],
          [
            -8.612592,
            42.35303
          ],
          [
            -8.612714,
            42.353006
          ],
          [
            -8.612811,
            42.353027
          ],
          [
            -8.612929,
            42.35309
          ],
          [
            -8.61303,
            42.353127
          ],
          [
            -8.613206,
            42.35317
          ],
          [
            -8.613215,
            42.353193
          ],
          [
            -8.613244,
            42.353275
          ],
          [
            -8.613281,
            42.353298
          ],
          [
            -8.613372,
            42.353368
          ],
          [
            -8.613466,
            42.353441
          ],
          [
            -8.613608,
            42.353541
          ],
          [
            -8.613724,
            42.353647
          ],
          [
            -8.613778,
            42.35371
          ],
          [
            -8.6138,
            42.353729
          ],
          [
            -8.613839,
            42.353792
          ],
          [
            -8.613889,
            42.353851
          ],
          [
            -8.613929,
            42.353911
          ],
          [
            -8.61399,
            42.353974
          ],
          [
            -8.614061,
            42.354069
          ],
          [
            -8.614098,
            42.354142
          ],
          [
            -8.614164,
            42.354305
          ],
          [
            -8.614223,
            42.35444
          ],
          [
            -8.614272,
            42.35458
          ],
          [
            -8.61431,
            42.354632
          ],
          [
            -8.614329,
            42.354691
          ],
          [
            -8.614373,
            42.354754
          ],
          [
            -8.614421,
            42.354788
          ],
          [
            -8.614498,
            42.354806
          ],
          [
            -8.614542,
            42.35483
          ],
          [
            -8.614583,
            42.354862
          ],
          [
            -8.614598,
            42.35489
          ],
          [
            -8.614612,
            42.354914
          ],
          [
            -8.614636,
            42.354953
          ],
          [
            -8.614679,
            42.354993
          ],
          [
            -8.6147,
            42.355028
          ],
          [
            -8.614716,
            42.355113
          ],
          [
            -8.614738,
            42.355172
          ],
          [
            -8.614761,
            42.355234
          ],
          [
            -8.614795,
            42.355273
          ],
          [
            -8.614819,
            42.355312
          ],
          [
            -8.614856,
            42.355346
          ],
          [
            -8.614906,
            42.355368
          ],
          [
            -8.614952,
            42.355408
          ],
          [
            -8.615047,
            42.355484
          ],
          [
            -8.615124,
            42.355538
          ],
          [
            -8.615194,
            42.355632
          ],
          [
            -8.615264,
            42.355715
          ],
          [
            -8.61538,
            42.355814
          ],
          [
            -8.61557,
            42.355942
          ],
          [
            -8.615653,
            42.355973
          ],
          [
            -8.615729,
            42.356031
          ],
          [
            -8.61581,
            42.356099
          ],
          [
            -8.615868,
            42.356151
          ],
          [
            -8.615947,
            42.356187
          ],
          [
            -8.615992,
            42.356242
          ],
          [
            -8.616057,
            42.356366
          ],
          [
            -8.61611,
            42.356487
          ],
          [
            -8.616188,
            42.356604
          ],
          [
            -8.616245,
            42.35673
          ],
          [
            -8.616268,
            42.356818
          ],
          [
            -8.616262,
            42.356914
          ],
          [
            -8.616229,
            42.356994
          ],
          [
            -8.616189,
            42.357116
          ],
          [
            -8.616192,
            42.357221
          ],
          [
            -8.616294,
            42.357334
          ],
          [
            -8.61636,
            42.357471
          ],
          [
            -8.616321,
            42.357582
          ],
          [
            -8.616218,
            42.357713
          ],
          [
            -8.616115,
            42.357837
          ],
          [
            -8.615958,
            42.358008
          ],
          [
            -8.615788,
            42.358155
          ],
          [
            -8.61562,
            42.358306
          ],
          [
            -8.615479,
            42.358458
          ],
          [
            -8.615444,
            42.358537
          ],
          [
            -8.615399,
            42.358752
          ],
          [
            -8.615377,
            42.358848
          ],
          [
            -8.615379,
            42.358917
          ],
          [
            -8.615404,
            42.358968
          ],
          [
            -8.615486,
            42.359095
          ],
          [
            -8.615519,
            42.359147
          ],
          [
            -8.615568,
            42.35921
          ],
          [
            -8.615611,
            42.359277
          ],
          [
            -8.61565,
            42.35931
          ],
          [
            -8.615702,
            42.35942
          ],
          [
            -8.615737,
            42.359476
          ],
          [
            -8.61576,
            42.359528
          ],
          [
            -8.615763,
            42.359584
          ],
          [
            -8.615768,
            42.35962
          ],
          [
            -8.615761,
            42.359666
          ],
          [
            -8.615691,
            42.359839
          ],
          [
            -8.615684,
            42.359867
          ],
          [
            -8.615683,
            42.359968
          ],
          [
            -8.615668,
            42.360052
          ],
          [
            -8.615665,
            42.360114
          ],
          [
            -8.615667,
            42.360172
          ],
          [
            -8.615679,
            42.360218
          ],
          [
            -8.615699,
            42.360255
          ],
          [
            -8.615731,
            42.360287
          ],
          [
            -8.61578,
            42.360309
          ],
          [
            -8.615818,
            42.360327
          ],
          [
            -8.615866,
            42.360356
          ],
          [
            -8.615945,
            42.360414
          ],
          [
            -8.616056,
            42.360485
          ],
          [
            -8.616073,
            42.360511
          ],
          [
            -8.616092,
            42.360577
          ],
          [
            -8.616113,
            42.360628
          ],
          [
            -8.61616,
            42.360696
          ],
          [
            -8.616193,
            42.360753
          ],
          [
            -8.616201,
            42.360786
          ],
          [
            -8.616204,
            42.360861
          ],
          [
            -8.616207,
            42.360935
          ],
          [
            -8.616187,
            42.361026
          ],
          [
            -8.616158,
            42.361157
          ],
          [
            -8.616153,
            42.361262
          ],
          [
            -8.616169,
            42.361338
          ],
          [
            -8.616208,
            42.361441
          ],
          [
            -8.616244,
            42.361501
          ],
          [
            -8.61627,
            42.361583
          ],
          [
            -8.616311,
            42.361711
          ],
          [
            -8.61634,
            42.361813
          ],
          [
            -8.616304,
            42.361916
          ],
          [
            -8.616268,
            42.36236
          ],
          [
            -8.616247,
            42.362539
          ],
          [
            -8.616277,
            42.362612
          ],
          [
            -8.616353,
            42.362769
          ],
          [
            -8.616432,
            42.362959
          ],
          [
            -8.616492,
            42.363133
          ],
          [
            -8.616547,
            42.363297
          ],
          [
            -8.616613,
            42.363385
          ],
          [
            -8.616714,
            42.363477
          ],
          [
            -8.616727,
            42.363612
          ],
          [
            -8.61674,
            42.363707
          ],
          [
            -8.616732,
            42.363874
          ],
          [
            -8.616723,
            42.364027
          ],
          [
            -8.616676,
            42.364075
          ],
          [
            -8.616627,
            42.364105
          ],
          [
            -8.616575,
            42.364148
          ],
          [
            -8.616549,
            42.364208
          ],
          [
            -8.616554,
            42.364291
          ],
          [
            -8.616553,
            42.364374
          ],
          [
            -8.616535,
            42.364486
          ],
          [
            -8.616569,
            42.36487
          ],
          [
            -8.616593,
            42.364921
          ],
          [
            -8.616715,
            42.365094
          ],
          [
            -8.616839,
            42.365274
          ],
          [
            -8.616877,
            42.3653
          ],
          [
            -8.616935,
            42.36531
          ],
          [
            -8.61698,
            42.365301
          ],
          [
            -8.617018,
            42.365278
          ],
          [
            -8.617074,
            42.365231
          ],
          [
            -8.617142,
            42.365159
          ],
          [
            -8.617233,
            42.365135
          ],
          [
            -8.617354,
            42.365122
          ],
          [
            -8.617426,
            42.365095
          ],
          [
            -8.617485,
            42.365035
          ],
          [
            -8.617529,
            42.364984
          ],
          [
            -8.617611,
            42.364918
          ],
          [
            -8.61766,
            42.364888
          ],
          [
            -8.617716,
            42.364856
          ],
          [
            -8.617757,
            42.36481
          ],
          [
            -8.617776,
            42.364764
          ],
          [
            -8.617827,
            42.364675
          ],
          [
            -8.617865,
            42.364589
          ],
          [
            -8.61788,
            42.364451
          ],
          [
            -8.617891,
            42.364264
          ],
          [
            -8.617937,
            42.36421
          ],
          [
            -8.618115,
            42.364339
          ],
          [
            -8.618165,
            42.364391
          ],
          [
            -8.618254,
            42.364474
          ],
          [
            -8.618219,
            42.364761
          ],
          [
            -8.618237,
            42.364966
          ],
          [
            -8.618312,
            42.365121
          ],
          [
            -8.618399,
            42.365268
          ],
          [
            -8.618502,
            42.365401
          ],
          [
            -8.61863,
            42.365532
          ],
          [
            -8.618812,
            42.365659
          ],
          [
            -8.619003,
            42.365795
          ],
          [
            -8.619217,
            42.365962
          ],
          [
            -8.619351,
            42.366133
          ],
          [
            -8.619476,
            42.366344
          ],
          [
            -8.619607,
            42.366593
          ],
          [
            -8.619694,
            42.366738
          ],
          [
            -8.619811,
            42.366712
          ],
          [
            -8.620035,
            42.366641
          ],
          [
            -8.620179,
            42.366617
          ],
          [
            -8.62042,
            42.367025
          ],
          [
            -8.620493,
            42.367139
          ],
          [
            -8.620528,
            42.367241
          ],
          [
            -8.620543,
            42.36731
          ],
          [
            -8.620537,
            42.367394
          ],
          [
            -8.620532,
            42.367535
          ],
          [
            -8.620562,
            42.367636
          ],
          [
            -8.620597,
            42.367697
          ],
          [
            -8.620639,
            42.367729
          ],
          [
            -8.620688,
            42.367752
          ],
          [
            -8.620758,
            42.367808
          ],
          [
            -8.62083,
            42.367865
          ],
          [
            -8.620874,
            42.367909
          ],
          [
            -8.620923,
            42.367939
          ],
          [
            -8.621025,
            42.367978
          ],
          [
            -8.621133,
            42.368006
          ],
          [
            -8.621236,
            42.368025
          ],
          [
            -8.621361,
            42.368059
          ],
          [
            -8.62156,
            42.368095
          ],
          [
            -8.621657,
            42.368112
          ],
          [
            -8.621741,
            42.368135
          ],
          [
            -8.621811,
            42.368164
          ],
          [
            -8.621868,
            42.368188
          ],
          [
            -8.621939,
            42.368213
          ],
          [
            -8.622008,
            42.368239
          ],
          [
            -8.622077,
            42.36825
          ],
          [
            -8.622142,
            42.36826
          ],
          [
            -8.622215,
            42.368268
          ],
          [
            -8.622277,
            42.368284
          ],
          [
            -8.622393,
            42.36831
          ],
          [
            -8.622476,
            42.368332
          ],
          [
            -8.622541,
            42.368338
          ],
          [
            -8.622615,
            42.368346
          ],
          [
            -8.622692,
            42.368379
          ],
          [
            -8.622745,
            42.368411
          ],
          [
            -8.62283,
            42.368457
          ],
          [
            -8.622926,
            42.368499
          ],
          [
            -8.623059,
            42.368556
          ],
          [
            -8.623189,
            42.368629
          ],
          [
            -8.623368,
            42.368732
          ],
          [
            -8.623488,
            42.368788
          ],
          [
            -8.623596,
            42.368832
          ],
          [
            -8.62371,
            42.368868
          ],
          [
            -8.623846,
            42.368906
          ],
          [
            -8.623995,
            42.368943
          ],
          [
            -8.624149,
            42.368966
          ],
          [
            -8.624239,
            42.368968
          ],
          [
            -8.624329,
            42.368983
          ],
          [
            -8.624384,
            42.369007
          ],
          [
            -8.624441,
            42.369045
          ],
          [
            -8.624551,
            42.369122
          ],
          [
            -8.624704,
            42.36921
          ],
          [
            -8.624851,
            42.369303
          ],
          [
            -8.624928,
            42.369342
          ],
          [
            -8.625021,
            42.369369
          ],
          [
            -8.625123,
            42.369409
          ],
          [
            -8.625192,
            42.369454
          ],
          [
            -8.625261,
            42.369517
          ],
          [
            -8.625327,
            42.369592
          ],
          [
            -8.62538,
            42.369661
          ],
          [
            -8.62545,
            42.36977
          ],
          [
            -8.625541,
            42.36991
          ],
          [
            -8.625667,
            42.370105
          ],
          [
            -8.625709,
            42.370191
          ],
          [
            -8.625739,
            42.370264
          ],
          [
            -8.62578,
            42.370401
          ],
          [
            -8.625833,
            42.370494
          ],
          [
            -8.625886,
            42.370538
          ],
          [
            -8.62596,
            42.370579
          ],
          [
            -8.626031,
            42.370629
          ],
          [
            -8.626075,
            42.370674
          ],
          [
            -8.626103,
            42.370716
          ],
          [
            -8.62611,
            42.370768
          ],
          [
            -8.626107,
            42.370812
          ],
          [
            -8.626037,
            42.371055
          ],
          [
            -8.625996,
            42.371207
          ],
          [
            -8.62594,
            42.371347
          ],
          [
            -8.625893,
            42.371427
          ],
          [
            -8.625796,
            42.371569
          ],
          [
            -8.625683,
            42.371722
          ],
          [
            -8.625592,
            42.371827
          ],
          [
            -8.625491,
            42.371936
          ],
          [
            -8.625401,
            42.372038
          ],
          [
            -8.625085,
            42.372348
          ],
          [
            -8.624901,
            42.372553
          ],
          [
            -8.624836,
            42.372657
          ],
          [
            -8.624807,
            42.372731
          ],
          [
            -8.6248,
            42.372795
          ],
          [
            -8.624814,
            42.372854
          ],
          [
            -8.624849,
            42.372924
          ],
          [
            -8.624969,
            42.373099
          ],
          [
            -8.625071,
            42.373296
          ],
          [
            -8.625141,
            42.373404
          ],
          [
            -8.625223,
            42.37348
          ],
          [
            -8.625264,
            42.373523
          ],
          [
            -8.625382,
            42.373738
          ],
          [
            -8.625403,
            42.373793
          ],
          [
            -8.625407,
            42.373855
          ],
          [
            -8.625396,
            42.374149
          ],
          [
            -8.625379,
            42.374283
          ],
          [
            -8.625365,
            42.374348
          ],
          [
            -8.625366,
            42.374381
          ],
          [
            -8.625384,
            42.374426
          ],
          [
            -8.625434,
            42.374488
          ],
          [
            -8.625509,
            42.374555
          ],
          [
            -8.625576,
            42.374614
          ],
          [
            -8.625638,
            42.374682
          ],
          [
            -8.625669,
            42.374729
          ],
          [
            -8.625687,
            42.374763
          ],
          [
            -8.625807,
            42.374989
          ],
          [
            -8.625849,
            42.375068
          ],
          [
            -8.625893,
            42.375145
          ],
          [
            -8.625941,
            42.375204
          ],
          [
            -8.625987,
            42.375247
          ],
          [
            -8.626048,
            42.375296
          ],
          [
            -8.626167,
            42.37541
          ],
          [
            -8.626327,
            42.375577
          ],
          [
            -8.626703,
            42.375957
          ],
          [
            -8.626916,
            42.376218
          ],
          [
            -8.626969,
            42.376298
          ],
          [
            -8.627,
            42.376362
          ],
          [
            -8.627019,
            42.3764
          ],
          [
            -8.627028,
            42.376434
          ],
          [
            -8.62703,
            42.376472
          ],
          [
            -8.627027,
            42.376552
          ],
          [
            -8.627022,
            42.376652
          ],
          [
            -8.627002,
            42.376815
          ],
          [
            -8.626988,
            42.376935
          ],
          [
            -8.626963,
            42.377065
          ],
          [
            -8.626963,
            42.377141
          ],
          [
            -8.626975,
            42.377191
          ],
          [
            -8.626994,
            42.37723
          ],
          [
            -8.627037,
            42.377282
          ],
          [
            -8.627096,
            42.377333
          ],
          [
            -8.627186,
            42.377383
          ],
          [
            -8.627248,
            42.37745
          ],
          [
            -8.62727,
            42.377482
          ],
          [
            -8.627277,
            42.377523
          ],
          [
            -8.627276,
            42.377592
          ],
          [
            -8.627271,
            42.37765
          ],
          [
            -8.627258,
            42.37771
          ],
          [
            -8.627235,
            42.377809
          ],
          [
            -8.627234,
            42.377908
          ],
          [
            -8.627263,
            42.378099
          ],
          [
            -8.627277,
            42.378226
          ],
          [
            -8.627303,
            42.378369
          ],
          [
            -8.627344,
            42.378467
          ],
          [
            -8.627396,
            42.378541
          ],
          [
            -8.627489,
            42.378666
          ],
          [
            -8.627554,
            42.378736
          ],
          [
            -8.627607,
            42.378781
          ],
          [
            -8.627702,
            42.378844
          ],
          [
            -8.627739,
            42.378886
          ],
          [
            -8.627739,
            42.37893
          ],
          [
            -8.627725,
            42.378959
          ],
          [
            -8.62774,
            42.378987
          ],
          [
            -8.62791,
            42.37905
          ],
          [
            -8.628237,
            42.379158
          ],
          [
            -8.628687,
            42.379318
          ],
          [
            -8.628786,
            42.379362
          ],
          [
            -8.628913,
            42.379467
          ],
          [
            -8.629087,
            42.379606
          ],
          [
            -8.629149,
            42.379666
          ],
          [
            -8.629182,
            42.379712
          ],
          [
            -8.629213,
            42.37977
          ],
          [
            -8.629246,
            42.379848
          ],
          [
            -8.629294,
            42.380011
          ],
          [
            -8.62936,
            42.380187
          ],
          [
            -8.629412,
            42.380314
          ],
          [
            -8.629478,
            42.380443
          ],
          [
            -8.629541,
            42.380584
          ],
          [
            -8.629581,
            42.380697
          ],
          [
            -8.629598,
            42.38078
          ],
          [
            -8.629601,
            42.380862
          ],
          [
            -8.629595,
            42.380931
          ],
          [
            -8.629582,
            42.380968
          ],
          [
            -8.629569,
            42.381004
          ],
          [
            -8.629544,
            42.381075
          ],
          [
            -8.629487,
            42.38137
          ],
          [
            -8.629464,
            42.381522
          ],
          [
            -8.629527,
            42.381726
          ],
          [
            -8.629573,
            42.381996
          ],
          [
            -8.629608,
            42.382317
          ],
          [
            -8.629612,
            42.382536
          ],
          [
            -8.629634,
            42.382757
          ],
          [
            -8.629675,
            42.382907
          ],
          [
            -8.629751,
            42.382964
          ],
          [
            -8.629781,
            42.383011
          ],
          [
            -8.629766,
            42.383052
          ],
          [
            -8.629766,
            42.383126
          ],
          [
            -8.629797,
            42.383198
          ],
          [
            -8.629842,
            42.383269
          ],
          [
            -8.629894,
            42.383364
          ],
          [
            -8.629928,
            42.383428
          ],
          [
            -8.629969,
            42.38348
          ],
          [
            -8.630019,
            42.383533
          ],
          [
            -8.630079,
            42.383584
          ],
          [
            -8.630091,
            42.383627
          ],
          [
            -8.630091,
            42.38367
          ],
          [
            -8.630079,
            42.383703
          ],
          [
            -8.630052,
            42.383752
          ],
          [
            -8.63002,
            42.383796
          ],
          [
            -8.629987,
            42.383848
          ],
          [
            -8.629962,
            42.383911
          ],
          [
            -8.629966,
            42.383976
          ],
          [
            -8.62999,
            42.384032
          ],
          [
            -8.630026,
            42.384062
          ],
          [
            -8.630131,
            42.384146
          ],
          [
            -8.630194,
            42.384193
          ],
          [
            -8.630245,
            42.384249
          ],
          [
            -8.630324,
            42.384335
          ],
          [
            -8.63045,
            42.384472
          ],
          [
            -8.630525,
            42.384548
          ],
          [
            -8.630578,
            42.384583
          ],
          [
            -8.630623,
            42.384595
          ],
          [
            -8.63061,
            42.384705
          ],
          [
            -8.630559,
            42.384924
          ],
          [
            -8.630517,
            42.385064
          ],
          [
            -8.6305,
            42.385167
          ],
          [
            -8.630463,
            42.385516
          ],
          [
            -8.630436,
            42.385832
          ],
          [
            -8.630437,
            42.386055
          ],
          [
            -8.630434,
            42.38618
          ],
          [
            -8.630402,
            42.386297
          ],
          [
            -8.630382,
            42.386366
          ],
          [
            -8.630363,
            42.386426
          ],
          [
            -8.630339,
            42.386483
          ],
          [
            -8.630308,
            42.386524
          ],
          [
            -8.630251,
            42.386593
          ],
          [
            -8.630182,
            42.386662
          ],
          [
            -8.630124,
            42.386724
          ],
          [
            -8.630068,
            42.386799
          ],
          [
            -8.629996,
            42.386896
          ],
          [
            -8.629941,
            42.38698
          ],
          [
            -8.629904,
            42.387057
          ],
          [
            -8.629858,
            42.387162
          ],
          [
            -8.629818,
            42.387246
          ],
          [
            -8.629789,
            42.387302
          ],
          [
            -8.629749,
            42.387372
          ],
          [
            -8.629705,
            42.387436
          ],
          [
            -8.629657,
            42.387502
          ],
          [
            -8.629577,
            42.387605
          ],
          [
            -8.629508,
            42.387712
          ],
          [
            -8.629476,
            42.387769
          ],
          [
            -8.629473,
            42.387822
          ],
          [
            -8.629473,
            42.387882
          ],
          [
            -8.629478,
            42.387965
          ],
          [
            -8.629501,
            42.388048
          ],
          [
            -8.629549,
            42.388155
          ],
          [
            -8.629639,
            42.388346
          ],
          [
            -8.629748,
            42.388595
          ],
          [
            -8.62981,
            42.38876
          ],
          [
            -8.629876,
            42.388931
          ],
          [
            -8.629912,
            42.389026
          ],
          [
            -8.629936,
            42.389126
          ],
          [
            -8.629963,
            42.389239
          ],
          [
            -8.63,
            42.389362
          ],
          [
            -8.63001,
            42.389455
          ],
          [
            -8.63001,
            42.389581
          ],
          [
            -8.630009,
            42.389736
          ],
          [
            -8.629999,
            42.389859
          ],
          [
            -8.629992,
            42.389938
          ],
          [
            -8.629984,
            42.390018
          ],
          [
            -8.629966,
            42.390125
          ],
          [
            -8.629961,
            42.390181
          ],
          [
            -8.629959,
            42.39022
          ],
          [
            -8.62995,
            42.39026
          ],
          [
            -8.629937,
            42.390299
          ],
          [
            -8.629921,
            42.390337
          ],
          [
            -8.629876,
            42.390421
          ],
          [
            -8.629821,
            42.390524
          ],
          [
            -8.62979,
            42.390603
          ],
          [
            -8.629761,
            42.390704
          ],
          [
            -8.629736,
            42.390827
          ],
          [
            -8.629714,
            42.390964
          ],
          [
            -8.629695,
            42.391116
          ],
          [
            -8.6297,
            42.391297
          ],
          [
            -8.629724,
            42.391442
          ],
          [
            -8.62974,
            42.391576
          ],
          [
            -8.629756,
            42.391705
          ],
          [
            -8.629818,
            42.391819
          ],
          [
            -8.629867,
            42.391909
          ],
          [
            -8.629884,
            42.391962
          ],
          [
            -8.629894,
            42.392015
          ],
          [
            -8.629901,
            42.392061
          ],
          [
            -8.629897,
            42.392124
          ],
          [
            -8.629886,
            42.392183
          ],
          [
            -8.629848,
            42.392293
          ],
          [
            -8.629787,
            42.392456
          ],
          [
            -8.629737,
            42.392632
          ],
          [
            -8.629662,
            42.39286
          ],
          [
            -8.629649,
            42.39299
          ],
          [
            -8.629609,
            42.393098
          ],
          [
            -8.629555,
            42.393357
          ],
          [
            -8.629521,
            42.393551
          ],
          [
            -8.629508,
            42.393693
          ],
          [
            -8.629516,
            42.393902
          ],
          [
            -8.629506,
            42.39405
          ],
          [
            -8.629461,
            42.394235
          ],
          [
            -8.629411,
            42.394359
          ],
          [
            -8.629307,
            42.394528
          ],
          [
            -8.62915,
            42.394812
          ],
          [
            -8.629021,
            42.394992
          ],
          [
            -8.628991,
            42.395103
          ],
          [
            -8.628944,
            42.395345
          ],
          [
            -8.628879,
            42.395681
          ],
          [
            -8.628846,
            42.395919
          ],
          [
            -8.628883,
            42.396053
          ],
          [
            -8.629047,
            42.396209
          ],
          [
            -8.629341,
            42.396426
          ],
          [
            -8.629704,
            42.396709
          ],
          [
            -8.629829,
            42.396818
          ],
          [
            -8.629858,
            42.396879
          ],
          [
            -8.629874,
            42.397047
          ],
          [
            -8.629938,
            42.397224
          ],
          [
            -8.62996,
            42.397414
          ],
          [
            -8.629976,
            42.39756
          ],
          [
            -8.629976,
            42.397639
          ],
          [
            -8.629945,
            42.397736
          ],
          [
            -8.629851,
            42.397995
          ],
          [
            -8.629793,
            42.398178
          ],
          [
            -8.629757,
            42.398274
          ],
          [
            -8.629751,
            42.398344
          ],
          [
            -8.629756,
            42.398516
          ],
          [
            -8.629777,
            42.398675
          ],
          [
            -8.629796,
            42.398793
          ],
          [
            -8.629832,
            42.398928
          ],
          [
            -8.629893,
            42.399079
          ],
          [
            -8.629957,
            42.399206
          ],
          [
            -8.630051,
            42.399338
          ],
          [
            -8.630155,
            42.399511
          ],
          [
            -8.630244,
            42.399717
          ],
          [
            -8.630301,
            42.399828
          ],
          [
            -8.630333,
            42.399889
          ],
          [
            -8.630337,
            42.399944
          ],
          [
            -8.630386,
            42.400032
          ],
          [
            -8.630442,
            42.400153
          ],
          [
            -8.630533,
            42.400327
          ],
          [
            -8.630607,
            42.400437
          ],
          [
            -8.630668,
            42.400517
          ],
          [
            -8.630755,
            42.400603
          ],
          [
            -8.630847,
            42.400691
          ],
          [
            -8.63103,
            42.400842
          ],
          [
            -8.631201,
            42.400983
          ],
          [
            -8.631875,
            42.401598
          ],
          [
            -8.632042,
            42.40175
          ],
          [
            -8.632125,
            42.401859
          ],
          [
            -8.63217,
            42.401966
          ],
          [
            -8.632173,
            42.402084
          ],
          [
            -8.632159,
            42.402373
          ],
          [
            -8.632144,
            42.40263
          ],
          [
            -8.632143,
            42.402815
          ],
          [
            -8.632164,
            42.403279
          ],
          [
            -8.632232,
            42.40363
          ],
          [
            -8.632297,
            42.404061
          ],
          [
            -8.63235,
            42.404444
          ],
          [
            -8.632418,
            42.404768
          ],
          [
            -8.632491,
            42.404971
          ],
          [
            -8.632531,
            42.405127
          ],
          [
            -8.632533,
            42.405373
          ],
          [
            -8.632556,
            42.405548
          ],
          [
            -8.632613,
            42.405855
          ],
          [
            -8.63272,
            42.406184
          ],
          [
            -8.632885,
            42.406494
          ],
          [
            -8.63302,
            42.406784
          ],
          [
            -8.633132,
            42.407033
          ],
          [
            -8.633189,
            42.407265
          ],
          [
            -8.633214,
            42.407484
          ],
          [
            -8.633251,
            42.40778
          ],
          [
            -8.633317,
            42.408116
          ],
          [
            -8.633357,
            42.408287
          ],
          [
            -8.633382,
            42.408503
          ],
          [
            -8.633384,
            42.408765
          ],
          [
            -8.633338,
            42.409155
          ],
          [
            -8.633236,
            42.409505
          ],
          [
            -8.633117,
            42.409856
          ],
          [
            -8.633106,
            42.410172
          ],
          [
            -8.633064,
            42.410525
          ],
          [
            -8.63306,
            42.410803
          ],
          [
            -8.633108,
            42.411142
          ],
          [
            -8.633101,
            42.411544
          ],
          [
            -8.633068,
            42.411932
          ],
          [
            -8.633056,
            42.412209
          ],
          [
            -8.633071,
            42.412436
          ],
          [
            -8.633117,
            42.412639
          ],
          [
            -8.633155,
            42.412806
          ],
          [
            -8.633182,
            42.41312
          ],
          [
            -8.633172,
            42.413222
          ],
          [
            -8.633105,
            42.413489
          ],
          [
            -8.633052,
            42.413759
          ],
          [
            -8.633037,
            42.413992
          ],
          [
            -8.633078,
            42.414238
          ],
          [
            -8.633206,
            42.414724
          ],
          [
            -8.633246,
            42.41501
          ],
          [
            -8.633229,
            42.415242
          ],
          [
            -8.633126,
            42.415473
          ],
          [
            -8.633136,
            42.415688
          ],
          [
            -8.633358,
            42.416116
          ],
          [
            -8.633547,
            42.416358
          ],
          [
            -8.633426,
            42.416408
          ],
          [
            -8.633526,
            42.416684
          ],
          [
            -8.633082,
            42.416754
          ],
          [
            -8.633101,
            42.416879
          ],
          [
            -8.633409,
            42.416885
          ],
          [
            -8.633508,
            42.416955
          ],
          [
            -8.633603,
            42.416955
          ],
          [
            -8.633646,
            42.417074
          ],
          [
            -8.633632,
            42.417254
          ],
          [
            -8.633615,
            42.417456
          ],
          [
            -8.633614,
            42.417698
          ],
          [
            -8.633669,
            42.417833
          ],
          [
            -8.633803,
            42.417954
          ],
          [
            -8.63393,
            42.418045
          ],
          [
            -8.63409,
            42.418144
          ],
          [
            -8.634339,
            42.418228
          ],
          [
            -8.634294,
            42.418312
          ],
          [
            -8.634405,
            42.418337
          ],
          [
            -8.634489,
            42.418328
          ],
          [
            -8.6349,
            42.418376
          ],
          [
            -8.635253,
            42.41847
          ],
          [
            -8.635514,
            42.418545
          ],
          [
            -8.635643,
            42.418598
          ],
          [
            -8.635677,
            42.418665
          ],
          [
            -8.635784,
            42.41868
          ],
          [
            -8.635813,
            42.418647
          ],
          [
            -8.635956,
            42.418668
          ],
          [
            -8.636124,
            42.418729
          ],
          [
            -8.63616,
            42.418772
          ],
          [
            -8.636182,
            42.418839
          ],
          [
            -8.636201,
            42.418971
          ],
          [
            -8.636238,
            42.419102
          ],
          [
            -8.636292,
            42.419208
          ],
          [
            -8.636358,
            42.419338
          ],
          [
            -8.636426,
            42.419543
          ],
          [
            -8.63643,
            42.419556
          ],
          [
            -8.636474,
            42.419701
          ],
          [
            -8.636479,
            42.419786
          ],
          [
            -8.636488,
            42.419937
          ],
          [
            -8.636479,
            42.420109
          ],
          [
            -8.636476,
            42.420268
          ],
          [
            -8.636476,
            42.420336
          ],
          [
            -8.636466,
            42.42051
          ],
          [
            -8.636454,
            42.420644
          ],
          [
            -8.636419,
            42.421015
          ],
          [
            -8.636418,
            42.421155
          ],
          [
            -8.636415,
            42.421297
          ],
          [
            -8.636409,
            42.421397
          ],
          [
            -8.636398,
            42.421508
          ],
          [
            -8.636543,
            42.421507
          ],
          [
            -8.636542,
            42.42156
          ],
          [
            -8.63656,
            42.421593
          ],
          [
            -8.636628,
            42.421637
          ],
          [
            -8.636861,
            42.421647
          ],
          [
            -8.63685,
            42.421772
          ],
          [
            -8.636785,
            42.421813
          ],
          [
            -8.636778,
            42.422056
          ],
          [
            -8.636773,
            42.422173
          ],
          [
            -8.636833,
            42.422497
          ],
          [
            -8.636869,
            42.422657
          ],
          [
            -8.636939,
            42.423179
          ],
          [
            -8.636964,
            42.423292
          ],
          [
            -8.636997,
            42.423467
          ],
          [
            -8.637022,
            42.423645
          ],
          [
            -8.63705,
            42.423912
          ],
          [
            -8.63703,
            42.424069
          ],
          [
            -8.637003,
            42.424312
          ],
          [
            -8.637007,
            42.424406
          ],
          [
            -8.637043,
            42.424514
          ],
          [
            -8.637103,
            42.424657
          ],
          [
            -8.637154,
            42.42477
          ],
          [
            -8.637208,
            42.424861
          ],
          [
            -8.637306,
            42.425005
          ],
          [
            -8.637448,
            42.425195
          ],
          [
            -8.637561,
            42.425359
          ],
          [
            -8.637655,
            42.425499
          ],
          [
            -8.637767,
            42.425653
          ],
          [
            -8.637888,
            42.425817
          ],
          [
            -8.638013,
            42.425959
          ],
          [
            -8.638085,
            42.426056
          ],
          [
            -8.638162,
            42.426115
          ],
          [
            -8.638347,
            42.426246
          ],
          [
            -8.638474,
            42.426345
          ],
          [
            -8.638591,
            42.426431
          ],
          [
            -8.638784,
            42.426579
          ],
          [
            -8.63891,
            42.42667
          ],
          [
            -8.639043,
            42.426793
          ],
          [
            -8.639137,
            42.426875
          ],
          [
            -8.639224,
            42.426949
          ],
          [
            -8.639247,
            42.426986
          ],
          [
            -8.639271,
            42.427034
          ],
          [
            -8.639467,
            42.427099
          ],
          [
            -8.639456,
            42.427264
          ],
          [
            -8.639529,
            42.427314
          ],
          [
            -8.639644,
            42.427356
          ],
          [
            -8.639911,
            42.427429
          ],
          [
            -8.640031,
            42.427538
          ],
          [
            -8.640278,
            42.427709
          ],
          [
            -8.640492,
            42.427877
          ],
          [
            -8.640725,
            42.428017
          ],
          [
            -8.64102,
            42.428207
          ],
          [
            -8.641244,
            42.42834
          ],
          [
            -8.641727,
            42.428619
          ],
          [
            -8.641949,
            42.428736
          ],
          [
            -8.642245,
            42.428556
          ],
          [
            -8.642273,
            42.428588
          ],
          [
            -8.642348,
            42.428673
          ],
          [
            -8.642761,
            42.429188
          ],
          [
            -8.642849,
            42.429362
          ],
          [
            -8.64303,
            42.429448
          ],
          [
            -8.643212,
            42.429585
          ],
          [
            -8.643404,
            42.429717
          ],
          [
            -8.643547,
            42.42984
          ],
          [
            -8.643668,
            42.430057
          ],
          [
            -8.643864,
            42.430419
          ],
          [
            -8.643923,
            42.43052
          ],
          [
            -8.644015,
            42.430593
          ],
          [
            -8.644198,
            42.430735
          ],
          [
            -8.644224,
            42.430804
          ],
          [
            -8.644226,
            42.43086
          ],
          [
            -8.644227,
            42.43101
          ],
          [
            -8.644561,
            42.431279
          ],
          [
            -8.644792,
            42.431426
          ],
          [
            -8.644974,
            42.431561
          ],
          [
            -8.644989,
            42.431651
          ],
          [
            -8.644988,
            42.431761
          ],
          [
            -8.644992,
            42.43192
          ],
          [
            -8.645052,
            42.432064
          ],
          [
            -8.645113,
            42.432293
          ],
          [
            -8.645137,
            42.432536
          ],
          [
            -8.645154,
            42.432689
          ],
          [
            -8.645173,
            42.432904
          ],
          [
            -8.645186,
            42.433166
          ],
          [
            -8.645181,
            42.433297
          ],
          [
            -8.645169,
            42.43338
          ],
          [
            -8.645154,
            42.43346
          ],
          [
            -8.645131,
            42.433581
          ],
          [
            -8.64511,
            42.433661
          ],
          [
            -8.645098,
            42.433722
          ],
          [
            -8.645083,
            42.433783
          ],
          [
            -8.645066,
            42.433837
          ],
          [
            -8.645052,
            42.433873
          ],
          [
            -8.645031,
            42.433921
          ],
          [
            -8.645004,
            42.433965
          ],
          [
            -8.64496,
            42.434008
          ],
          [
            -8.64492,
            42.434052
          ],
          [
            -8.644864,
            42.434116
          ],
          [
            -8.644826,
            42.434195
          ],
          [
            -8.644849,
            42.434215
          ],
          [
            -8.644923,
            42.434283
          ],
          [
            -8.645015,
            42.434377
          ],
          [
            -8.64511,
            42.43444
          ],
          [
            -8.645223,
            42.434523
          ],
          [
            -8.644922,
            42.434768
          ],
          [
            -8.644858,
            42.434765
          ],
          [
            -8.644795,
            42.434815
          ],
          [
            -8.644657,
            42.434952
          ],
          [
            -8.64443,
            42.435178
          ],
          [
            -8.644385,
            42.435228
          ],
          [
            -8.644278,
            42.435338
          ],
          [
            -8.644113,
            42.435499
          ],
          [
            -8.643894,
            42.435717
          ],
          [
            -8.643729,
            42.435869
          ],
          [
            -8.643613,
            42.435994
          ],
          [
            -8.643573,
            42.436037
          ],
          [
            -8.643523,
            42.436104
          ],
          [
            -8.643494,
            42.436151
          ],
          [
            -8.643465,
            42.4362
          ],
          [
            -8.643435,
            42.436252
          ],
          [
            -8.643399,
            42.436312
          ],
          [
            -8.643353,
            42.436371
          ],
          [
            -8.643308,
            42.436412
          ],
          [
            -8.643257,
            42.436438
          ],
          [
            -8.643189,
            42.436449
          ],
          [
            -8.643162,
            42.436531
          ],
          [
            -8.64327,
            42.436547
          ],
          [
            -8.643253,
            42.436635
          ],
          [
            -8.643323,
            42.436649
          ],
          [
            -8.643248,
            42.436926
          ],
          [
            -8.643208,
            42.437039
          ],
          [
            -8.643349,
            42.437061
          ],
          [
            -8.643351,
            42.437125
          ],
          [
            -8.643328,
            42.437429
          ],
          [
            -8.643311,
            42.437525
          ],
          [
            -8.643297,
            42.437713
          ],
          [
            -8.643281,
            42.437906
          ],
          [
            -8.643271,
            42.437994
          ],
          [
            -8.643259,
            42.438033
          ],
          [
            -8.643234,
            42.43812
          ],
          [
            -8.643207,
            42.43817
          ],
          [
            -8.643128,
            42.438322
          ],
          [
            -8.643037,
            42.438509
          ],
          [
            -8.642916,
            42.438755
          ],
          [
            -8.642855,
            42.438886
          ],
          [
            -8.642832,
            42.438956
          ],
          [
            -8.642761,
            42.439241
          ],
          [
            -8.642681,
            42.439582
          ],
          [
            -8.642624,
            42.43984
          ],
          [
            -8.642588,
            42.440021
          ],
          [
            -8.642571,
            42.440147
          ],
          [
            -8.64258,
            42.44023
          ],
          [
            -8.642591,
            42.440382
          ],
          [
            -8.642639,
            42.440569
          ],
          [
            -8.642675,
            42.440646
          ],
          [
            -8.642729,
            42.440752
          ],
          [
            -8.642769,
            42.440829
          ],
          [
            -8.642814,
            42.440903
          ],
          [
            -8.642842,
            42.440966
          ],
          [
            -8.642876,
            42.441027
          ],
          [
            -8.642922,
            42.441079
          ],
          [
            -8.642946,
            42.44113
          ],
          [
            -8.642973,
            42.441202
          ],
          [
            -8.642975,
            42.441262
          ],
          [
            -8.642974,
            42.441327
          ],
          [
            -8.642984,
            42.441395
          ],
          [
            -8.642993,
            42.441476
          ],
          [
            -8.642985,
            42.441538
          ],
          [
            -8.642977,
            42.441586
          ],
          [
            -8.642971,
            42.441636
          ],
          [
            -8.642976,
            42.441695
          ],
          [
            -8.64298,
            42.441755
          ],
          [
            -8.642987,
            42.441836
          ],
          [
            -8.642989,
            42.441913
          ],
          [
            -8.643004,
            42.441979
          ],
          [
            -8.643023,
            42.442064
          ],
          [
            -8.643039,
            42.442146
          ],
          [
            -8.643067,
            42.442238
          ],
          [
            -8.643101,
            42.442342
          ],
          [
            -8.643149,
            42.442429
          ],
          [
            -8.643177,
            42.44251
          ],
          [
            -8.643231,
            42.442663
          ],
          [
            -8.643291,
            42.442815
          ],
          [
            -8.643349,
            42.442967
          ],
          [
            -8.643416,
            42.443176
          ],
          [
            -8.643456,
            42.4433
          ],
          [
            -8.64349,
            42.443411
          ],
          [
            -8.643571,
            42.44363
          ],
          [
            -8.643605,
            42.443704
          ],
          [
            -8.643631,
            42.4438
          ],
          [
            -8.643641,
            42.443873
          ],
          [
            -8.643647,
            42.443929
          ],
          [
            -8.643645,
            42.44397
          ],
          [
            -8.64363,
            42.444023
          ],
          [
            -8.643617,
            42.444065
          ],
          [
            -8.643583,
            42.444123
          ],
          [
            -8.643552,
            42.444176
          ],
          [
            -8.643516,
            42.444223
          ],
          [
            -8.643471,
            42.4443
          ],
          [
            -8.643421,
            42.444388
          ],
          [
            -8.643401,
            42.44445
          ],
          [
            -8.643384,
            42.444534
          ],
          [
            -8.643363,
            42.444631
          ],
          [
            -8.643327,
            42.444725
          ],
          [
            -8.643273,
            42.444832
          ],
          [
            -8.643166,
            42.444972
          ],
          [
            -8.643095,
            42.445069
          ],
          [
            -8.643044,
            42.445184
          ],
          [
            -8.64298,
            42.445293
          ],
          [
            -8.642921,
            42.445404
          ],
          [
            -8.642879,
            42.445512
          ],
          [
            -8.642853,
            42.445598
          ],
          [
            -8.642822,
            42.445697
          ],
          [
            -8.642778,
            42.445905
          ],
          [
            -8.642751,
            42.446007
          ],
          [
            -8.642725,
            42.446123
          ],
          [
            -8.642702,
            42.446247
          ],
          [
            -8.642697,
            42.446341
          ],
          [
            -8.642719,
            42.446454
          ],
          [
            -8.642762,
            42.446554
          ],
          [
            -8.642799,
            42.446657
          ],
          [
            -8.642799,
            42.446732
          ],
          [
            -8.642815,
            42.447135
          ],
          [
            -8.642835,
            42.447329
          ],
          [
            -8.642866,
            42.447575
          ],
          [
            -8.64287,
            42.447725
          ],
          [
            -8.642873,
            42.447797
          ],
          [
            -8.642823,
            42.447932
          ],
          [
            -8.642792,
            42.448001
          ],
          [
            -8.642758,
            42.448063
          ],
          [
            -8.642675,
            42.448169
          ],
          [
            -8.642569,
            42.448274
          ],
          [
            -8.642468,
            42.448419
          ],
          [
            -8.642338,
            42.448638
          ],
          [
            -8.642256,
            42.448809
          ],
          [
            -8.642188,
            42.448959
          ],
          [
            -8.642103,
            42.44916
          ],
          [
            -8.642073,
            42.449339
          ],
          [
            -8.642072,
            42.449503
          ],
          [
            -8.642059,
            42.449607
          ],
          [
            -8.642017,
            42.449685
          ],
          [
            -8.641987,
            42.449771
          ],
          [
            -8.641915,
            42.449908
          ],
          [
            -8.641827,
            42.450226
          ],
          [
            -8.641792,
            42.450402
          ],
          [
            -8.641759,
            42.450529
          ],
          [
            -8.641718,
            42.45065
          ],
          [
            -8.641697,
            42.45073
          ],
          [
            -8.641664,
            42.450835
          ],
          [
            -8.641622,
            42.450891
          ],
          [
            -8.641576,
            42.450978
          ],
          [
            -8.641553,
            42.451049
          ],
          [
            -8.64153,
            42.451185
          ],
          [
            -8.641515,
            42.451251
          ],
          [
            -8.641518,
            42.451347
          ],
          [
            -8.641514,
            42.451441
          ],
          [
            -8.641506,
            42.451507
          ],
          [
            -8.641483,
            42.451585
          ],
          [
            -8.641457,
            42.451656
          ],
          [
            -8.641468,
            42.451701
          ],
          [
            -8.641478,
            42.451745
          ],
          [
            -8.6416,
            42.452032
          ],
          [
            -8.641696,
            42.452373
          ],
          [
            -8.641777,
            42.452551
          ],
          [
            -8.641867,
            42.45277
          ],
          [
            -8.641986,
            42.452959
          ],
          [
            -8.642168,
            42.453225
          ],
          [
            -8.642337,
            42.453504
          ],
          [
            -8.642483,
            42.453695
          ],
          [
            -8.642719,
            42.454033
          ],
          [
            -8.643015,
            42.454461
          ],
          [
            -8.643289,
            42.45488
          ],
          [
            -8.643539,
            42.455245
          ],
          [
            -8.643783,
            42.455668
          ],
          [
            -8.643861,
            42.455796
          ],
          [
            -8.643904,
            42.455889
          ],
          [
            -8.64393,
            42.456039
          ],
          [
            -8.643953,
            42.456098
          ],
          [
            -8.644039,
            42.456214
          ],
          [
            -8.644118,
            42.456317
          ],
          [
            -8.644233,
            42.456479
          ],
          [
            -8.644298,
            42.456568
          ],
          [
            -8.644344,
            42.456637
          ],
          [
            -8.644387,
            42.456729
          ],
          [
            -8.644444,
            42.456825
          ],
          [
            -8.644423,
            42.456841
          ],
          [
            -8.644379,
            42.456887
          ],
          [
            -8.644335,
            42.456929
          ],
          [
            -8.644259,
            42.45708
          ],
          [
            -8.644261,
            42.457172
          ],
          [
            -8.644242,
            42.457292
          ],
          [
            -8.644201,
            42.457446
          ],
          [
            -8.644191,
            42.457561
          ],
          [
            -8.644202,
            42.457692
          ],
          [
            -8.644225,
            42.457842
          ],
          [
            -8.644267,
            42.45792
          ],
          [
            -8.644264,
            42.45794
          ],
          [
            -8.644296,
            42.458009
          ],
          [
            -8.644313,
            42.458151
          ],
          [
            -8.644337,
            42.458271
          ],
          [
            -8.644345,
            42.458347
          ],
          [
            -8.64434,
            42.458391
          ],
          [
            -8.644328,
            42.458476
          ],
          [
            -8.644314,
            42.458579
          ],
          [
            -8.644308,
            42.458671
          ],
          [
            -8.644313,
            42.458758
          ],
          [
            -8.644334,
            42.458866
          ],
          [
            -8.644362,
            42.458982
          ],
          [
            -8.644413,
            42.459138
          ],
          [
            -8.644446,
            42.459277
          ],
          [
            -8.644488,
            42.459412
          ],
          [
            -8.644512,
            42.459521
          ],
          [
            -8.644544,
            42.459639
          ],
          [
            -8.64459,
            42.459739
          ],
          [
            -8.644671,
            42.459919
          ],
          [
            -8.644691,
            42.459977
          ],
          [
            -8.644712,
            42.460043
          ],
          [
            -8.644718,
            42.4601
          ],
          [
            -8.644715,
            42.460224
          ],
          [
            -8.644698,
            42.460305
          ],
          [
            -8.644686,
            42.460391
          ],
          [
            -8.644693,
            42.460457
          ],
          [
            -8.644702,
            42.460523
          ],
          [
            -8.644699,
            42.460594
          ],
          [
            -8.64469,
            42.460639
          ],
          [
            -8.644672,
            42.460708
          ],
          [
            -8.644654,
            42.46077
          ],
          [
            -8.644645,
            42.460786
          ],
          [
            -8.644609,
            42.460809
          ],
          [
            -8.644564,
            42.460834
          ],
          [
            -8.644482,
            42.460899
          ],
          [
            -8.644411,
            42.460973
          ],
          [
            -8.64432,
            42.461058
          ],
          [
            -8.644277,
            42.461114
          ],
          [
            -8.644228,
            42.461214
          ],
          [
            -8.644199,
            42.461269
          ],
          [
            -8.644176,
            42.461326
          ],
          [
            -8.644145,
            42.461393
          ],
          [
            -8.644106,
            42.461484
          ],
          [
            -8.644056,
            42.461595
          ],
          [
            -8.644012,
            42.461689
          ],
          [
            -8.644002,
            42.461752
          ],
          [
            -8.644009,
            42.461778
          ],
          [
            -8.644037,
            42.461818
          ],
          [
            -8.644083,
            42.461863
          ],
          [
            -8.644157,
            42.461934
          ],
          [
            -8.644179,
            42.461964
          ],
          [
            -8.644198,
            42.461989
          ],
          [
            -8.644215,
            42.462026
          ],
          [
            -8.644243,
            42.462077
          ],
          [
            -8.644268,
            42.46216
          ],
          [
            -8.644297,
            42.462223
          ],
          [
            -8.644328,
            42.462304
          ],
          [
            -8.644358,
            42.462399
          ],
          [
            -8.644359,
            42.462454
          ],
          [
            -8.64436,
            42.462561
          ],
          [
            -8.644357,
            42.462653
          ],
          [
            -8.644352,
            42.462751
          ],
          [
            -8.644348,
            42.462922
          ],
          [
            -8.64435,
            42.463032
          ],
          [
            -8.644354,
            42.463143
          ],
          [
            -8.644345,
            42.463273
          ],
          [
            -8.644338,
            42.463336
          ],
          [
            -8.644321,
            42.463387
          ],
          [
            -8.64431,
            42.463435
          ],
          [
            -8.644293,
            42.463503
          ],
          [
            -8.644297,
            42.463556
          ],
          [
            -8.64431,
            42.463608
          ],
          [
            -8.644322,
            42.463651
          ],
          [
            -8.644354,
            42.463704
          ],
          [
            -8.644422,
            42.463764
          ],
          [
            -8.644486,
            42.463823
          ],
          [
            -8.644554,
            42.463888
          ],
          [
            -8.644627,
            42.463987
          ],
          [
            -8.644696,
            42.464001
          ],
          [
            -8.644802,
            42.464028
          ],
          [
            -8.644969,
            42.464059
          ],
          [
            -8.645061,
            42.464071
          ],
          [
            -8.645186,
            42.464098
          ],
          [
            -8.64532,
            42.464129
          ],
          [
            -8.645476,
            42.464183
          ],
          [
            -8.645593,
            42.464226
          ],
          [
            -8.64567,
            42.464238
          ],
          [
            -8.645771,
            42.464284
          ],
          [
            -8.64585,
            42.464362
          ],
          [
            -8.645939,
            42.464471
          ],
          [
            -8.645989,
            42.464528
          ],
          [
            -8.646027,
            42.464568
          ],
          [
            -8.646053,
            42.464621
          ],
          [
            -8.646058,
            42.464668
          ],
          [
            -8.646059,
            42.464713
          ],
          [
            -8.646049,
            42.464762
          ],
          [
            -8.646042,
            42.464801
          ],
          [
            -8.646092,
            42.464813
          ],
          [
            -8.646195,
            42.464839
          ],
          [
            -8.646405,
            42.464876
          ],
          [
            -8.646554,
            42.464897
          ],
          [
            -8.646786,
            42.464957
          ],
          [
            -8.646866,
            42.464998
          ],
          [
            -8.646924,
            42.465015
          ],
          [
            -8.647002,
            42.465044
          ],
          [
            -8.647048,
            42.465079
          ],
          [
            -8.64717,
            42.46514
          ],
          [
            -8.647262,
            42.465202
          ],
          [
            -8.64735,
            42.465268
          ],
          [
            -8.647413,
            42.465328
          ],
          [
            -8.647459,
            42.465381
          ],
          [
            -8.647494,
            42.465424
          ],
          [
            -8.647576,
            42.465527
          ],
          [
            -8.647647,
            42.465633
          ],
          [
            -8.647709,
            42.465712
          ],
          [
            -8.647783,
            42.465799
          ],
          [
            -8.64781,
            42.465824
          ],
          [
            -8.647895,
            42.465896
          ],
          [
            -8.647973,
            42.465915
          ],
          [
            -8.648061,
            42.466121
          ],
          [
            -8.648148,
            42.466268
          ],
          [
            -8.648263,
            42.466512
          ],
          [
            -8.648313,
            42.466655
          ],
          [
            -8.648374,
            42.466807
          ],
          [
            -8.648408,
            42.466901
          ],
          [
            -8.648434,
            42.466983
          ],
          [
            -8.64844,
            42.467044
          ],
          [
            -8.648459,
            42.467148
          ],
          [
            -8.648466,
            42.467213
          ],
          [
            -8.648462,
            42.467279
          ],
          [
            -8.648455,
            42.467329
          ],
          [
            -8.648454,
            42.467385
          ],
          [
            -8.648429,
            42.467458
          ],
          [
            -8.648386,
            42.467563
          ],
          [
            -8.648356,
            42.467615
          ],
          [
            -8.648329,
            42.467691
          ],
          [
            -8.648315,
            42.467743
          ],
          [
            -8.648299,
            42.467812
          ],
          [
            -8.648289,
            42.467895
          ],
          [
            -8.648314,
            42.468227
          ],
          [
            -8.64834,
            42.468234
          ],
          [
            -8.648339,
            42.468465
          ],
          [
            -8.648326,
            42.468472
          ],
          [
            -8.648326,
            42.468692
          ],
          [
            -8.648236,
            42.468697
          ],
          [
            -8.648264,
            42.468927
          ],
          [
            -8.648299,
            42.469097
          ],
          [
            -8.648376,
            42.469283
          ],
          [
            -8.648397,
            42.469352
          ],
          [
            -8.648384,
            42.469378
          ],
          [
            -8.648374,
            42.469438
          ],
          [
            -8.648378,
            42.46948
          ],
          [
            -8.648393,
            42.469516
          ],
          [
            -8.648416,
            42.469611
          ],
          [
            -8.648427,
            42.469701
          ],
          [
            -8.648446,
            42.469834
          ],
          [
            -8.648469,
            42.469958
          ],
          [
            -8.648472,
            42.470105
          ],
          [
            -8.648474,
            42.470225
          ],
          [
            -8.64847,
            42.470318
          ],
          [
            -8.648466,
            42.470415
          ],
          [
            -8.648459,
            42.470497
          ],
          [
            -8.64846,
            42.470586
          ],
          [
            -8.648465,
            42.470678
          ],
          [
            -8.648461,
            42.470765
          ],
          [
            -8.648456,
            42.470829
          ],
          [
            -8.648438,
            42.470929
          ],
          [
            -8.648423,
            42.471009
          ],
          [
            -8.6484,
            42.471097
          ],
          [
            -8.648379,
            42.471179
          ],
          [
            -8.648357,
            42.471279
          ],
          [
            -8.64835,
            42.471309
          ],
          [
            -8.648356,
            42.471344
          ],
          [
            -8.648385,
            42.471385
          ],
          [
            -8.648469,
            42.47146
          ],
          [
            -8.648669,
            42.471583
          ],
          [
            -8.648757,
            42.47169
          ],
          [
            -8.648856,
            42.471872
          ],
          [
            -8.648982,
            42.472125
          ],
          [
            -8.649118,
            42.472402
          ],
          [
            -8.649242,
            42.472701
          ],
          [
            -8.649278,
            42.472801
          ],
          [
            -8.649337,
            42.47299
          ],
          [
            -8.649386,
            42.473169
          ],
          [
            -8.649427,
            42.47328
          ],
          [
            -8.649482,
            42.473357
          ],
          [
            -8.649566,
            42.473457
          ],
          [
            -8.649624,
            42.473558
          ],
          [
            -8.649645,
            42.473623
          ],
          [
            -8.649641,
            42.473683
          ],
          [
            -8.649625,
            42.473772
          ],
          [
            -8.649593,
            42.473877
          ],
          [
            -8.64955,
            42.474003
          ],
          [
            -8.649539,
            42.474093
          ],
          [
            -8.649579,
            42.474209
          ],
          [
            -8.649633,
            42.474368
          ],
          [
            -8.649676,
            42.474484
          ],
          [
            -8.649761,
            42.474596
          ],
          [
            -8.649793,
            42.474659
          ],
          [
            -8.649853,
            42.474769
          ],
          [
            -8.649909,
            42.474997
          ],
          [
            -8.649926,
            42.475136
          ],
          [
            -8.649979,
            42.475343
          ],
          [
            -8.650025,
            42.475532
          ],
          [
            -8.650053,
            42.475621
          ],
          [
            -8.650055,
            42.47571
          ],
          [
            -8.650063,
            42.47594
          ],
          [
            -8.650077,
            42.476158
          ],
          [
            -8.650088,
            42.476271
          ],
          [
            -8.650107,
            42.476386
          ],
          [
            -8.650133,
            42.476504
          ],
          [
            -8.650167,
            42.476604
          ],
          [
            -8.650235,
            42.476685
          ],
          [
            -8.650318,
            42.476799
          ],
          [
            -8.650422,
            42.476942
          ],
          [
            -8.650527,
            42.477124
          ],
          [
            -8.650558,
            42.477211
          ],
          [
            -8.650569,
            42.477252
          ],
          [
            -8.650579,
            42.477335
          ],
          [
            -8.650585,
            42.47743
          ],
          [
            -8.6506,
            42.477559
          ],
          [
            -8.650616,
            42.477672
          ],
          [
            -8.650641,
            42.477802
          ],
          [
            -8.650709,
            42.478074
          ],
          [
            -8.650739,
            42.478191
          ],
          [
            -8.650761,
            42.47828
          ],
          [
            -8.650801,
            42.478367
          ],
          [
            -8.650825,
            42.478471
          ],
          [
            -8.650835,
            42.478568
          ],
          [
            -8.65084,
            42.478687
          ],
          [
            -8.650843,
            42.478795
          ],
          [
            -8.650876,
            42.478897
          ],
          [
            -8.650913,
            42.479057
          ],
          [
            -8.650982,
            42.479281
          ],
          [
            -8.651082,
            42.479524
          ],
          [
            -8.651131,
            42.479664
          ],
          [
            -8.651191,
            42.479818
          ],
          [
            -8.651213,
            42.479884
          ],
          [
            -8.65121,
            42.479915
          ],
          [
            -8.651172,
            42.479979
          ],
          [
            -8.651149,
            42.480078
          ],
          [
            -8.651142,
            42.480151
          ],
          [
            -8.651111,
            42.480242
          ],
          [
            -8.651058,
            42.480348
          ],
          [
            -8.650997,
            42.48043
          ],
          [
            -8.650959,
            42.480509
          ],
          [
            -8.650881,
            42.480606
          ],
          [
            -8.650818,
            42.480692
          ],
          [
            -8.650755,
            42.480747
          ],
          [
            -8.650716,
            42.480808
          ],
          [
            -8.6507,
            42.480872
          ],
          [
            -8.650692,
            42.480952
          ],
          [
            -8.650703,
            42.481013
          ],
          [
            -8.650724,
            42.481071
          ],
          [
            -8.650781,
            42.481184
          ],
          [
            -8.650805,
            42.481274
          ],
          [
            -8.650853,
            42.481345
          ],
          [
            -8.650872,
            42.481435
          ],
          [
            -8.650885,
            42.48153
          ],
          [
            -8.65089,
            42.481653
          ],
          [
            -8.650911,
            42.481777
          ],
          [
            -8.650915,
            42.481895
          ],
          [
            -8.65095,
            42.481978
          ],
          [
            -8.650985,
            42.482052
          ],
          [
            -8.650993,
            42.482115
          ],
          [
            -8.650982,
            42.482201
          ],
          [
            -8.650962,
            42.482354
          ],
          [
            -8.650936,
            42.482553
          ],
          [
            -8.650919,
            42.482673
          ],
          [
            -8.650896,
            42.482825
          ],
          [
            -8.650869,
            42.482941
          ],
          [
            -8.650849,
            42.48303
          ],
          [
            -8.650861,
            42.483126
          ],
          [
            -8.650869,
            42.483216
          ],
          [
            -8.650869,
            42.483364
          ],
          [
            -8.650853,
            42.483459
          ],
          [
            -8.650839,
            42.483521
          ],
          [
            -8.65082,
            42.483612
          ],
          [
            -8.650809,
            42.483676
          ],
          [
            -8.650772,
            42.483736
          ],
          [
            -8.650728,
            42.483804
          ],
          [
            -8.650733,
            42.483847
          ],
          [
            -8.65075,
            42.483947
          ],
          [
            -8.650778,
            42.484071
          ],
          [
            -8.650778,
            42.484135
          ],
          [
            -8.650769,
            42.484206
          ],
          [
            -8.650756,
            42.484301
          ],
          [
            -8.650746,
            42.484361
          ],
          [
            -8.650747,
            42.484421
          ],
          [
            -8.650752,
            42.484484
          ],
          [
            -8.650763,
            42.48456
          ],
          [
            -8.650769,
            42.484648
          ],
          [
            -8.650768,
            42.484797
          ],
          [
            -8.650754,
            42.484916
          ],
          [
            -8.650743,
            42.484987
          ],
          [
            -8.650717,
            42.485038
          ],
          [
            -8.650685,
            42.485105
          ],
          [
            -8.650656,
            42.485183
          ],
          [
            -8.650642,
            42.485237
          ],
          [
            -8.650635,
            42.485297
          ],
          [
            -8.650633,
            42.485363
          ],
          [
            -8.650625,
            42.485465
          ],
          [
            -8.650615,
            42.485548
          ],
          [
            -8.650617,
            42.485607
          ],
          [
            -8.650623,
            42.485718
          ],
          [
            -8.650622,
            42.485841
          ],
          [
            -8.650611,
            42.485944
          ],
          [
            -8.650605,
            42.486015
          ],
          [
            -8.650586,
            42.48611
          ],
          [
            -8.650566,
            42.486175
          ],
          [
            -8.650544,
            42.486224
          ],
          [
            -8.650512,
            42.486294
          ],
          [
            -8.650498,
            42.486367
          ],
          [
            -8.650406,
            42.48644
          ],
          [
            -8.650362,
            42.486494
          ],
          [
            -8.650314,
            42.486583
          ],
          [
            -8.650248,
            42.486686
          ],
          [
            -8.650232,
            42.48674
          ],
          [
            -8.65023,
            42.486768
          ],
          [
            -8.650216,
            42.486818
          ],
          [
            -8.650199,
            42.48686
          ],
          [
            -8.650169,
            42.486941
          ],
          [
            -8.65013,
            42.487031
          ],
          [
            -8.650106,
            42.487096
          ],
          [
            -8.650079,
            42.487184
          ],
          [
            -8.650044,
            42.487258
          ],
          [
            -8.650018,
            42.487335
          ],
          [
            -8.649985,
            42.487425
          ],
          [
            -8.649975,
            42.487481
          ],
          [
            -8.649976,
            42.487564
          ],
          [
            -8.649986,
            42.487601
          ],
          [
            -8.649999,
            42.487636
          ],
          [
            -8.650016,
            42.487687
          ],
          [
            -8.650032,
            42.487735
          ],
          [
            -8.650037,
            42.487788
          ],
          [
            -8.65003,
            42.48783
          ],
          [
            -8.650003,
            42.487869
          ],
          [
            -8.649994,
            42.487907
          ],
          [
            -8.650011,
            42.487977
          ],
          [
            -8.650022,
            42.488062
          ],
          [
            -8.650038,
            42.488174
          ],
          [
            -8.650029,
            42.488263
          ],
          [
            -8.650032,
            42.488365
          ],
          [
            -8.650042,
            42.48852
          ],
          [
            -8.650006,
            42.488622
          ],
          [
            -8.649978,
            42.488687
          ],
          [
            -8.649928,
            42.488797
          ],
          [
            -8.649882,
            42.488851
          ],
          [
            -8.649846,
            42.488896
          ],
          [
            -8.649793,
            42.488945
          ],
          [
            -8.649733,
            42.489018
          ],
          [
            -8.649679,
            42.489093
          ],
          [
            -8.649608,
            42.489182
          ],
          [
            -8.649569,
            42.489286
          ],
          [
            -8.649565,
            42.489344
          ],
          [
            -8.649565,
            42.489427
          ],
          [
            -8.649536,
            42.489513
          ],
          [
            -8.649449,
            42.48962
          ],
          [
            -8.649411,
            42.489675
          ],
          [
            -8.649385,
            42.489733
          ],
          [
            -8.649381,
            42.489782
          ],
          [
            -8.649388,
            42.489818
          ],
          [
            -8.649388,
            42.489884
          ],
          [
            -8.649361,
            42.489972
          ],
          [
            -8.649353,
            42.490036
          ],
          [
            -8.649353,
            42.490121
          ],
          [
            -8.649356,
            42.490173
          ],
          [
            -8.649341,
            42.490248
          ],
          [
            -8.649322,
            42.490319
          ],
          [
            -8.649273,
            42.490424
          ],
          [
            -8.649247,
            42.490493
          ],
          [
            -8.649227,
            42.490632
          ],
          [
            -8.64922,
            42.490693
          ],
          [
            -8.64921,
            42.490742
          ],
          [
            -8.649199,
            42.49083
          ],
          [
            -8.649176,
            42.490916
          ],
          [
            -8.649159,
            42.490985
          ],
          [
            -8.649145,
            42.491036
          ],
          [
            -8.649102,
            42.491114
          ],
          [
            -8.649042,
            42.491148
          ],
          [
            -8.648965,
            42.491197
          ],
          [
            -8.648892,
            42.491278
          ],
          [
            -8.648839,
            42.491364
          ],
          [
            -8.648802,
            42.491452
          ],
          [
            -8.648781,
            42.49152
          ],
          [
            -8.648778,
            42.491657
          ],
          [
            -8.648743,
            42.491727
          ],
          [
            -8.648755,
            42.491797
          ],
          [
            -8.648737,
            42.491896
          ],
          [
            -8.648716,
            42.491972
          ],
          [
            -8.648681,
            42.492061
          ],
          [
            -8.648596,
            42.492175
          ],
          [
            -8.648562,
            42.49221
          ],
          [
            -8.648527,
            42.492256
          ],
          [
            -8.6485,
            42.492335
          ],
          [
            -8.648479,
            42.492451
          ],
          [
            -8.648431,
            42.492639
          ],
          [
            -8.648419,
            42.4928
          ],
          [
            -8.64839,
            42.492967
          ],
          [
            -8.648372,
            42.493115
          ],
          [
            -8.648352,
            42.493249
          ],
          [
            -8.648344,
            42.493483
          ],
          [
            -8.648342,
            42.493529
          ],
          [
            -8.648371,
            42.493666
          ],
          [
            -8.648379,
            42.493788
          ],
          [
            -8.648365,
            42.493961
          ],
          [
            -8.648354,
            42.494085
          ],
          [
            -8.64828,
            42.494242
          ],
          [
            -8.648262,
            42.494337
          ],
          [
            -8.648233,
            42.494493
          ],
          [
            -8.648271,
            42.494592
          ],
          [
            -8.648366,
            42.494687
          ],
          [
            -8.648486,
            42.494797
          ],
          [
            -8.648569,
            42.495147
          ],
          [
            -8.648605,
            42.495245
          ],
          [
            -8.648647,
            42.49536
          ],
          [
            -8.648687,
            42.495468
          ],
          [
            -8.648772,
            42.49556
          ],
          [
            -8.648843,
            42.495637
          ],
          [
            -8.648875,
            42.495728
          ],
          [
            -8.648904,
            42.495814
          ],
          [
            -8.648933,
            42.495897
          ],
          [
            -8.648958,
            42.495971
          ],
          [
            -8.648956,
            42.496233
          ],
          [
            -8.649001,
            42.496368
          ],
          [
            -8.649081,
            42.496498
          ],
          [
            -8.649154,
            42.496618
          ],
          [
            -8.649161,
            42.496701
          ],
          [
            -8.649161,
            42.496772
          ],
          [
            -8.649148,
            42.496831
          ],
          [
            -8.649131,
            42.496882
          ],
          [
            -8.649087,
            42.496946
          ],
          [
            -8.648996,
            42.497176
          ],
          [
            -8.648925,
            42.497324
          ],
          [
            -8.648907,
            42.497389
          ],
          [
            -8.6489,
            42.497446
          ],
          [
            -8.648902,
            42.497503
          ],
          [
            -8.648922,
            42.497563
          ],
          [
            -8.648966,
            42.497645
          ],
          [
            -8.648996,
            42.497716
          ],
          [
            -8.649051,
            42.497809
          ],
          [
            -8.649101,
            42.497873
          ],
          [
            -8.649131,
            42.497944
          ],
          [
            -8.649148,
            42.498018
          ],
          [
            -8.649149,
            42.498095
          ],
          [
            -8.649148,
            42.498167
          ],
          [
            -8.649148,
            42.498231
          ],
          [
            -8.64916,
            42.498294
          ],
          [
            -8.649162,
            42.498337
          ],
          [
            -8.649167,
            42.498439
          ],
          [
            -8.649158,
            42.498503
          ],
          [
            -8.649159,
            42.498544
          ],
          [
            -8.649198,
            42.498634
          ],
          [
            -8.649266,
            42.498777
          ],
          [
            -8.649425,
            42.499048
          ],
          [
            -8.649515,
            42.499244
          ],
          [
            -8.649579,
            42.499377
          ],
          [
            -8.649631,
            42.499465
          ],
          [
            -8.649631,
            42.499495
          ],
          [
            -8.649617,
            42.499519
          ],
          [
            -8.649576,
            42.499525
          ],
          [
            -8.649531,
            42.499532
          ],
          [
            -8.649482,
            42.499561
          ],
          [
            -8.649451,
            42.499596
          ],
          [
            -8.649436,
            42.499655
          ],
          [
            -8.649435,
            42.499762
          ],
          [
            -8.649409,
            42.500125
          ],
          [
            -8.649444,
            42.500184
          ],
          [
            -8.649504,
            42.500258
          ],
          [
            -8.649576,
            42.500358
          ],
          [
            -8.649667,
            42.500449
          ],
          [
            -8.649751,
            42.500546
          ],
          [
            -8.649796,
            42.500639
          ],
          [
            -8.649825,
            42.500725
          ],
          [
            -8.649812,
            42.500812
          ],
          [
            -8.649767,
            42.500933
          ],
          [
            -8.649738,
            42.501107
          ],
          [
            -8.649731,
            42.50119
          ],
          [
            -8.649768,
            42.50128
          ],
          [
            -8.649833,
            42.501426
          ],
          [
            -8.64994,
            42.50151
          ],
          [
            -8.650129,
            42.501678
          ],
          [
            -8.650313,
            42.501802
          ],
          [
            -8.650426,
            42.50197
          ],
          [
            -8.650479,
            42.502098
          ],
          [
            -8.650514,
            42.502252
          ],
          [
            -8.650537,
            42.502442
          ],
          [
            -8.65057,
            42.502539
          ],
          [
            -8.650767,
            42.502926
          ],
          [
            -8.650826,
            42.50302
          ],
          [
            -8.650876,
            42.503113
          ],
          [
            -8.650914,
            42.503217
          ],
          [
            -8.650934,
            42.503281
          ],
          [
            -8.650936,
            42.503332
          ],
          [
            -8.65093,
            42.503422
          ],
          [
            -8.650909,
            42.503516
          ],
          [
            -8.650909,
            42.503598
          ],
          [
            -8.650913,
            42.503644
          ],
          [
            -8.650914,
            42.503791
          ],
          [
            -8.650912,
            42.503837
          ],
          [
            -8.650898,
            42.503902
          ],
          [
            -8.650874,
            42.503963
          ],
          [
            -8.650853,
            42.504009
          ],
          [
            -8.65082,
            42.504063
          ],
          [
            -8.650781,
            42.504102
          ],
          [
            -8.650737,
            42.504137
          ],
          [
            -8.650638,
            42.504222
          ],
          [
            -8.650516,
            42.504325
          ],
          [
            -8.650455,
            42.504382
          ],
          [
            -8.650414,
            42.504421
          ],
          [
            -8.650347,
            42.504479
          ],
          [
            -8.650242,
            42.504547
          ],
          [
            -8.650138,
            42.504629
          ],
          [
            -8.65005,
            42.50468
          ],
          [
            -8.649943,
            42.504717
          ],
          [
            -8.649858,
            42.504757
          ],
          [
            -8.649794,
            42.504788
          ],
          [
            -8.649799,
            42.50483
          ],
          [
            -8.649799,
            42.504846
          ],
          [
            -8.649801,
            42.504898
          ],
          [
            -8.649794,
            42.504958
          ],
          [
            -8.649782,
            42.505006
          ],
          [
            -8.649753,
            42.505064
          ],
          [
            -8.649709,
            42.505133
          ],
          [
            -8.64965,
            42.505231
          ],
          [
            -8.649573,
            42.505344
          ],
          [
            -8.649477,
            42.505471
          ],
          [
            -8.649393,
            42.505595
          ],
          [
            -8.649315,
            42.505765
          ],
          [
            -8.649277,
            42.50598
          ],
          [
            -8.649215,
            42.506185
          ],
          [
            -8.649138,
            42.506373
          ],
          [
            -8.649079,
            42.506618
          ],
          [
            -8.649019,
            42.506923
          ],
          [
            -8.648947,
            42.507269
          ],
          [
            -8.648899,
            42.507467
          ],
          [
            -8.648886,
            42.507532
          ],
          [
            -8.648881,
            42.507578
          ],
          [
            -8.648896,
            42.507625
          ],
          [
            -8.648949,
            42.5077
          ],
          [
            -8.649076,
            42.508068
          ],
          [
            -8.649197,
            42.508559
          ],
          [
            -8.649229,
            42.509244
          ],
          [
            -8.649254,
            42.509794
          ],
          [
            -8.649019,
            42.510336
          ],
          [
            -8.648639,
            42.51057
          ],
          [
            -8.649315,
            42.510837
          ],
          [
            -8.649712,
            42.511034
          ],
          [
            -8.65013,
            42.511345
          ],
          [
            -8.65016,
            42.511417
          ],
          [
            -8.650181,
            42.511492
          ],
          [
            -8.650214,
            42.511606
          ],
          [
            -8.650161,
            42.511867
          ],
          [
            -8.65011,
            42.512111
          ],
          [
            -8.650042,
            42.512431
          ],
          [
            -8.650059,
            42.512517
          ],
          [
            -8.65004,
            42.512654
          ],
          [
            -8.650014,
            42.512776
          ],
          [
            -8.649959,
            42.512913
          ],
          [
            -8.649907,
            42.513042
          ],
          [
            -8.649824,
            42.513143
          ],
          [
            -8.649758,
            42.513193
          ],
          [
            -8.64964,
            42.513282
          ],
          [
            -8.649407,
            42.513521
          ],
          [
            -8.649225,
            42.513755
          ],
          [
            -8.649145,
            42.513858
          ],
          [
            -8.649103,
            42.513942
          ],
          [
            -8.64904,
            42.514084
          ],
          [
            -8.648936,
            42.514315
          ],
          [
            -8.648777,
            42.514564
          ],
          [
            -8.648715,
            42.514722
          ],
          [
            -8.648615,
            42.514916
          ],
          [
            -8.648579,
            42.514986
          ],
          [
            -8.648457,
            42.51523
          ],
          [
            -8.648309,
            42.515441
          ],
          [
            -8.648244,
            42.515544
          ],
          [
            -8.648088,
            42.515751
          ],
          [
            -8.647924,
            42.515957
          ],
          [
            -8.647883,
            42.516052
          ],
          [
            -8.647838,
            42.516136
          ],
          [
            -8.647781,
            42.516215
          ],
          [
            -8.647672,
            42.516354
          ],
          [
            -8.647623,
            42.516489
          ],
          [
            -8.647537,
            42.51667
          ],
          [
            -8.647484,
            42.516804
          ],
          [
            -8.647406,
            42.516927
          ],
          [
            -8.647266,
            42.517131
          ],
          [
            -8.647139,
            42.517291
          ],
          [
            -8.647019,
            42.517446
          ],
          [
            -8.64691,
            42.517595
          ],
          [
            -8.646781,
            42.517716
          ],
          [
            -8.646525,
            42.51792
          ],
          [
            -8.646297,
            42.518071
          ],
          [
            -8.646134,
            42.518168
          ],
          [
            -8.645878,
            42.518278
          ],
          [
            -8.645636,
            42.51838
          ],
          [
            -8.645504,
            42.518433
          ],
          [
            -8.645465,
            42.518528
          ],
          [
            -8.645413,
            42.518612
          ],
          [
            -8.645384,
            42.518715
          ],
          [
            -8.645387,
            42.518809
          ],
          [
            -8.645423,
            42.519067
          ],
          [
            -8.645417,
            42.519161
          ],
          [
            -8.64541,
            42.51928
          ],
          [
            -8.645404,
            42.51941
          ],
          [
            -8.645429,
            42.519548
          ],
          [
            -8.645419,
            42.519681
          ],
          [
            -8.645393,
            42.519781
          ],
          [
            -8.645357,
            42.519851
          ],
          [
            -8.645324,
            42.519914
          ],
          [
            -8.64525,
            42.519985
          ],
          [
            -8.64513,
            42.520063
          ],
          [
            -8.644996,
            42.520162
          ],
          [
            -8.644859,
            42.520262
          ],
          [
            -8.644778,
            42.520348
          ],
          [
            -8.644713,
            42.520439
          ],
          [
            -8.644674,
            42.520493
          ],
          [
            -8.644656,
            42.520603
          ],
          [
            -8.644639,
            42.520701
          ],
          [
            -8.644608,
            42.520795
          ],
          [
            -8.644582,
            42.520896
          ],
          [
            -8.644701,
            42.520979
          ],
          [
            -8.644863,
            42.521102
          ],
          [
            -8.644956,
            42.521204
          ],
          [
            -8.645036,
            42.521327
          ],
          [
            -8.645083,
            42.521381
          ],
          [
            -8.645108,
            42.521482
          ],
          [
            -8.645112,
            42.521583
          ],
          [
            -8.64511,
            42.521718
          ],
          [
            -8.645125,
            42.521849
          ],
          [
            -8.645147,
            42.522033
          ],
          [
            -8.645165,
            42.522125
          ],
          [
            -8.645183,
            42.52221
          ],
          [
            -8.645219,
            42.522295
          ],
          [
            -8.645258,
            42.522403
          ],
          [
            -8.645321,
            42.522514
          ],
          [
            -8.645427,
            42.52264
          ],
          [
            -8.645502,
            42.522722
          ],
          [
            -8.645549,
            42.522779
          ],
          [
            -8.645593,
            42.522855
          ],
          [
            -8.645638,
            42.52297
          ],
          [
            -8.645676,
            42.523084
          ],
          [
            -8.645694,
            42.523172
          ],
          [
            -8.64572,
            42.52328
          ],
          [
            -8.645792,
            42.523355
          ],
          [
            -8.645892,
            42.523405
          ],
          [
            -8.646003,
            42.523445
          ],
          [
            -8.646129,
            42.523469
          ],
          [
            -8.646238,
            42.523471
          ],
          [
            -8.646287,
            42.523462
          ],
          [
            -8.646367,
            42.523436
          ],
          [
            -8.646455,
            42.523402
          ],
          [
            -8.646591,
            42.523378
          ],
          [
            -8.646652,
            42.523382
          ],
          [
            -8.646712,
            42.523397
          ],
          [
            -8.646739,
            42.523409
          ],
          [
            -8.646663,
            42.523513
          ],
          [
            -8.646573,
            42.52363
          ],
          [
            -8.646524,
            42.523701
          ],
          [
            -8.64645,
            42.523814
          ],
          [
            -8.646415,
            42.523875
          ],
          [
            -8.646413,
            42.52393
          ],
          [
            -8.646427,
            42.523993
          ],
          [
            -8.646453,
            42.524091
          ],
          [
            -8.64649,
            42.524212
          ],
          [
            -8.64654,
            42.524387
          ],
          [
            -8.646547,
            42.524459
          ],
          [
            -8.646539,
            42.524493
          ],
          [
            -8.646533,
            42.524503
          ],
          [
            -8.646499,
            42.524512
          ],
          [
            -8.646433,
            42.524518
          ],
          [
            -8.646354,
            42.524521
          ],
          [
            -8.646209,
            42.524534
          ],
          [
            -8.646128,
            42.524548
          ],
          [
            -8.646052,
            42.524576
          ],
          [
            -8.646005,
            42.524611
          ],
          [
            -8.645971,
            42.524648
          ],
          [
            -8.645924,
            42.524723
          ],
          [
            -8.645878,
            42.524787
          ],
          [
            -8.645821,
            42.524883
          ],
          [
            -8.645776,
            42.524968
          ],
          [
            -8.64573,
            42.525073
          ],
          [
            -8.645697,
            42.525131
          ],
          [
            -8.645621,
            42.525236
          ],
          [
            -8.645546,
            42.525343
          ],
          [
            -8.645504,
            42.525392
          ],
          [
            -8.645423,
            42.525488
          ],
          [
            -8.645347,
            42.525577
          ],
          [
            -8.645298,
            42.525634
          ],
          [
            -8.645244,
            42.52569
          ],
          [
            -8.645178,
            42.525742
          ],
          [
            -8.645099,
            42.525785
          ],
          [
            -8.645016,
            42.525826
          ],
          [
            -8.644958,
            42.52591
          ],
          [
            -8.644945,
            42.525933
          ],
          [
            -8.644899,
            42.525989
          ],
          [
            -8.644829,
            42.526065
          ],
          [
            -8.64481,
            42.526117
          ],
          [
            -8.64479,
            42.526178
          ],
          [
            -8.64478,
            42.526218
          ],
          [
            -8.644778,
            42.52625
          ],
          [
            -8.644759,
            42.526291
          ],
          [
            -8.644723,
            42.526362
          ],
          [
            -8.644704,
            42.526435
          ],
          [
            -8.644698,
            42.526496
          ],
          [
            -8.644752,
            42.526514
          ],
          [
            -8.64487,
            42.52654
          ],
          [
            -8.644958,
            42.526562
          ],
          [
            -8.645021,
            42.526602
          ],
          [
            -8.64503,
            42.526633
          ],
          [
            -8.645027,
            42.526701
          ],
          [
            -8.645018,
            42.526782
          ],
          [
            -8.645013,
            42.526886
          ],
          [
            -8.644998,
            42.526992
          ],
          [
            -8.645015,
            42.527085
          ],
          [
            -8.645015,
            42.527183
          ],
          [
            -8.645014,
            42.527294
          ],
          [
            -8.645024,
            42.527408
          ],
          [
            -8.645059,
            42.527509
          ],
          [
            -8.6451,
            42.52761
          ],
          [
            -8.645141,
            42.527742
          ],
          [
            -8.645167,
            42.527842
          ],
          [
            -8.645179,
            42.527924
          ],
          [
            -8.645204,
            42.527996
          ],
          [
            -8.645216,
            42.528107
          ],
          [
            -8.64524,
            42.528206
          ],
          [
            -8.645262,
            42.528265
          ],
          [
            -8.645303,
            42.52831
          ],
          [
            -8.645379,
            42.528361
          ],
          [
            -8.645479,
            42.528399
          ],
          [
            -8.645608,
            42.52844
          ],
          [
            -8.6457,
            42.52846
          ],
          [
            -8.645797,
            42.528465
          ],
          [
            -8.645882,
            42.528472
          ],
          [
            -8.64603,
            42.528477
          ],
          [
            -8.646127,
            42.528485
          ],
          [
            -8.646202,
            42.528505
          ],
          [
            -8.646243,
            42.52853
          ],
          [
            -8.646289,
            42.528577
          ],
          [
            -8.646331,
            42.528641
          ],
          [
            -8.646345,
            42.528701
          ],
          [
            -8.646369,
            42.528759
          ],
          [
            -8.646418,
            42.528927
          ],
          [
            -8.646499,
            42.529179
          ],
          [
            -8.646533,
            42.529265
          ],
          [
            -8.646572,
            42.529346
          ],
          [
            -8.646591,
            42.52945
          ],
          [
            -8.646597,
            42.529538
          ],
          [
            -8.646596,
            42.529646
          ],
          [
            -8.646587,
            42.529744
          ],
          [
            -8.64659,
            42.529831
          ],
          [
            -8.646595,
            42.529919
          ],
          [
            -8.646621,
            42.530042
          ],
          [
            -8.646659,
            42.530218
          ],
          [
            -8.646688,
            42.530344
          ],
          [
            -8.646687,
            42.53043
          ],
          [
            -8.646681,
            42.530541
          ],
          [
            -8.646665,
            42.530611
          ],
          [
            -8.6466,
            42.530784
          ],
          [
            -8.646515,
            42.530974
          ],
          [
            -8.646425,
            42.531213
          ],
          [
            -8.646358,
            42.531343
          ],
          [
            -8.646322,
            42.531507
          ],
          [
            -8.646267,
            42.531684
          ],
          [
            -8.646246,
            42.531791
          ],
          [
            -8.646239,
            42.531914
          ],
          [
            -8.646233,
            42.532093
          ],
          [
            -8.646233,
            42.532282
          ],
          [
            -8.646203,
            42.532444
          ],
          [
            -8.646176,
            42.532588
          ],
          [
            -8.646146,
            42.532677
          ],
          [
            -8.645999,
            42.53288
          ],
          [
            -8.645852,
            42.533076
          ],
          [
            -8.645732,
            42.533231
          ],
          [
            -8.645673,
            42.53334
          ],
          [
            -8.645624,
            42.533489
          ],
          [
            -8.64556,
            42.533736
          ],
          [
            -8.645493,
            42.53401
          ],
          [
            -8.645472,
            42.534185
          ],
          [
            -8.64546,
            42.534321
          ],
          [
            -8.645444,
            42.534494
          ],
          [
            -8.645443,
            42.534661
          ],
          [
            -8.645454,
            42.534716
          ],
          [
            -8.645467,
            42.534805
          ],
          [
            -8.645476,
            42.534893
          ],
          [
            -8.645479,
            42.534961
          ],
          [
            -8.645483,
            42.535055
          ],
          [
            -8.645496,
            42.535108
          ],
          [
            -8.645535,
            42.535145
          ],
          [
            -8.645612,
            42.535178
          ],
          [
            -8.64562,
            42.535208
          ],
          [
            -8.645538,
            42.535429
          ],
          [
            -8.645505,
            42.53559
          ],
          [
            -8.645493,
            42.535746
          ],
          [
            -8.645482,
            42.535853
          ],
          [
            -8.645481,
            42.535971
          ],
          [
            -8.645461,
            42.536041
          ],
          [
            -8.645441,
            42.5361
          ],
          [
            -8.645409,
            42.536157
          ],
          [
            -8.645348,
            42.536263
          ],
          [
            -8.645302,
            42.536345
          ],
          [
            -8.645244,
            42.536475
          ],
          [
            -8.645204,
            42.536554
          ],
          [
            -8.645183,
            42.536675
          ],
          [
            -8.645197,
            42.536763
          ],
          [
            -8.645227,
            42.536852
          ],
          [
            -8.645283,
            42.536957
          ],
          [
            -8.64537,
            42.537053
          ],
          [
            -8.64545,
            42.537157
          ],
          [
            -8.64546,
            42.537211
          ],
          [
            -8.645451,
            42.537284
          ],
          [
            -8.645426,
            42.537377
          ],
          [
            -8.645408,
            42.537461
          ],
          [
            -8.645381,
            42.537587
          ],
          [
            -8.64536,
            42.537696
          ],
          [
            -8.64534,
            42.537758
          ],
          [
            -8.64531,
            42.537829
          ],
          [
            -8.645276,
            42.537892
          ],
          [
            -8.645241,
            42.537951
          ],
          [
            -8.645173,
            42.53805
          ],
          [
            -8.645053,
            42.538248
          ],
          [
            -8.64498,
            42.53838
          ],
          [
            -8.644885,
            42.538533
          ],
          [
            -8.644794,
            42.538674
          ],
          [
            -8.644768,
            42.538716
          ],
          [
            -8.644707,
            42.538784
          ],
          [
            -8.644642,
            42.538833
          ],
          [
            -8.644575,
            42.538858
          ],
          [
            -8.644497,
            42.538894
          ],
          [
            -8.644403,
            42.538946
          ],
          [
            -8.64433,
            42.538997
          ],
          [
            -8.64427,
            42.53904
          ],
          [
            -8.644189,
            42.539095
          ],
          [
            -8.644115,
            42.539156
          ],
          [
            -8.644082,
            42.539202
          ],
          [
            -8.64405,
            42.539249
          ],
          [
            -8.644006,
            42.539331
          ],
          [
            -8.643956,
            42.539463
          ],
          [
            -8.643913,
            42.539585
          ],
          [
            -8.643841,
            42.53979
          ],
          [
            -8.643789,
            42.539911
          ],
          [
            -8.643766,
            42.539982
          ],
          [
            -8.643718,
            42.540121
          ],
          [
            -8.643657,
            42.54029
          ],
          [
            -8.643613,
            42.540419
          ],
          [
            -8.643567,
            42.540541
          ],
          [
            -8.643541,
            42.540611
          ],
          [
            -8.643463,
            42.540719
          ],
          [
            -8.643423,
            42.540859
          ],
          [
            -8.643385,
            42.540982
          ],
          [
            -8.643344,
            42.541119
          ],
          [
            -8.643301,
            42.541211
          ],
          [
            -8.643256,
            42.54131
          ],
          [
            -8.643211,
            42.541389
          ],
          [
            -8.643161,
            42.54146
          ],
          [
            -8.643113,
            42.541508
          ],
          [
            -8.643045,
            42.541564
          ],
          [
            -8.642971,
            42.541605
          ],
          [
            -8.642923,
            42.541811
          ],
          [
            -8.642826,
            42.542072
          ],
          [
            -8.642684,
            42.542395
          ],
          [
            -8.642626,
            42.542578
          ],
          [
            -8.642598,
            42.542694
          ],
          [
            -8.642591,
            42.542771
          ],
          [
            -8.642624,
            42.542838
          ],
          [
            -8.642691,
            42.542923
          ],
          [
            -8.642734,
            42.543022
          ],
          [
            -8.64279,
            42.543133
          ],
          [
            -8.642881,
            42.543312
          ],
          [
            -8.642947,
            42.543442
          ],
          [
            -8.643012,
            42.543602
          ],
          [
            -8.643033,
            42.543702
          ],
          [
            -8.643039,
            42.543786
          ],
          [
            -8.643004,
            42.543908
          ],
          [
            -8.642963,
            42.543968
          ],
          [
            -8.64293,
            42.543988
          ],
          [
            -8.642817,
            42.544053
          ],
          [
            -8.642676,
            42.544141
          ],
          [
            -8.642585,
            42.544207
          ],
          [
            -8.642527,
            42.54427
          ],
          [
            -8.642465,
            42.544369
          ],
          [
            -8.642382,
            42.544521
          ],
          [
            -8.642305,
            42.544721
          ],
          [
            -8.642281,
            42.544817
          ],
          [
            -8.642266,
            42.544985
          ],
          [
            -8.642287,
            42.545142
          ],
          [
            -8.642297,
            42.545239
          ],
          [
            -8.64233,
            42.54534
          ],
          [
            -8.642374,
            42.545416
          ],
          [
            -8.642489,
            42.545566
          ],
          [
            -8.642649,
            42.545796
          ],
          [
            -8.642676,
            42.545901
          ],
          [
            -8.642681,
            42.546
          ],
          [
            -8.642664,
            42.546119
          ],
          [
            -8.642648,
            42.546208
          ],
          [
            -8.642594,
            42.546371
          ],
          [
            -8.642557,
            42.546507
          ],
          [
            -8.64254,
            42.546595
          ],
          [
            -8.642512,
            42.546847
          ],
          [
            -8.642484,
            42.547143
          ],
          [
            -8.642472,
            42.547261
          ],
          [
            -8.642457,
            42.547332
          ],
          [
            -8.642437,
            42.547418
          ],
          [
            -8.642433,
            42.547474
          ],
          [
            -8.642432,
            42.547531
          ],
          [
            -8.642451,
            42.547583
          ],
          [
            -8.642489,
            42.547637
          ],
          [
            -8.642534,
            42.5477
          ],
          [
            -8.642545,
            42.547763
          ],
          [
            -8.642545,
            42.547817
          ],
          [
            -8.642394,
            42.54788
          ],
          [
            -8.642332,
            42.547918
          ],
          [
            -8.642228,
            42.547977
          ],
          [
            -8.6421,
            42.548065
          ],
          [
            -8.641949,
            42.548187
          ],
          [
            -8.641644,
            42.548402
          ],
          [
            -8.641471,
            42.54852
          ],
          [
            -8.641258,
            42.548682
          ],
          [
            -8.641104,
            42.548799
          ],
          [
            -8.640893,
            42.549003
          ],
          [
            -8.640651,
            42.549227
          ],
          [
            -8.640476,
            42.549377
          ],
          [
            -8.640397,
            42.549431
          ],
          [
            -8.640325,
            42.549463
          ],
          [
            -8.640259,
            42.549478
          ],
          [
            -8.640141,
            42.549479
          ],
          [
            -8.640024,
            42.549467
          ],
          [
            -8.639897,
            42.549456
          ],
          [
            -8.639769,
            42.549439
          ],
          [
            -8.639665,
            42.549421
          ],
          [
            -8.639577,
            42.549404
          ],
          [
            -8.639491,
            42.549576
          ],
          [
            -8.639423,
            42.54973
          ],
          [
            -8.63937,
            42.549879
          ],
          [
            -8.639342,
            42.549971
          ],
          [
            -8.639258,
            42.550264
          ],
          [
            -8.639178,
            42.550504
          ],
          [
            -8.639098,
            42.550808
          ],
          [
            -8.63906,
            42.550929
          ],
          [
            -8.639016,
            42.551014
          ],
          [
            -8.639002,
            42.551056
          ],
          [
            -8.638901,
            42.551375
          ],
          [
            -8.638868,
            42.551521
          ],
          [
            -8.638839,
            42.551706
          ],
          [
            -8.638807,
            42.551894
          ],
          [
            -8.638791,
            42.551998
          ],
          [
            -8.638763,
            42.552204
          ],
          [
            -8.63874,
            42.552484
          ],
          [
            -8.638706,
            42.552708
          ],
          [
            -8.638689,
            42.552796
          ],
          [
            -8.638661,
            42.552872
          ],
          [
            -8.638604,
            42.55316
          ],
          [
            -8.638559,
            42.553391
          ],
          [
            -8.63851,
            42.553594
          ],
          [
            -8.638481,
            42.553747
          ],
          [
            -8.638458,
            42.553868
          ],
          [
            -8.638423,
            42.55396
          ],
          [
            -8.638361,
            42.554117
          ],
          [
            -8.638283,
            42.554296
          ],
          [
            -8.638199,
            42.554458
          ],
          [
            -8.638103,
            42.55463
          ],
          [
            -8.637965,
            42.55488
          ],
          [
            -8.637936,
            42.554959
          ],
          [
            -8.637902,
            42.554991
          ],
          [
            -8.637858,
            42.555017
          ],
          [
            -8.637844,
            42.555104
          ],
          [
            -8.637789,
            42.555613
          ],
          [
            -8.637748,
            42.556165
          ],
          [
            -8.637759,
            42.556419
          ],
          [
            -8.637737,
            42.556741
          ],
          [
            -8.637667,
            42.556758
          ],
          [
            -8.637637,
            42.557131
          ],
          [
            -8.637609,
            42.557525
          ],
          [
            -8.637582,
            42.55787
          ],
          [
            -8.637562,
            42.558168
          ],
          [
            -8.637584,
            42.558222
          ],
          [
            -8.637645,
            42.558273
          ],
          [
            -8.6377,
            42.5583
          ],
          [
            -8.637756,
            42.558335
          ],
          [
            -8.637782,
            42.558382
          ],
          [
            -8.637812,
            42.558441
          ],
          [
            -8.637829,
            42.558507
          ],
          [
            -8.637842,
            42.558584
          ],
          [
            -8.637861,
            42.558677
          ],
          [
            -8.637882,
            42.558769
          ],
          [
            -8.637979,
            42.558867
          ],
          [
            -8.638037,
            42.558955
          ],
          [
            -8.638115,
            42.559023
          ],
          [
            -8.638203,
            42.559115
          ],
          [
            -8.638388,
            42.559313
          ],
          [
            -8.638556,
            42.559487
          ],
          [
            -8.63866,
            42.55961
          ],
          [
            -8.638782,
            42.559805
          ],
          [
            -8.638932,
            42.560056
          ],
          [
            -8.638983,
            42.56017
          ],
          [
            -8.63903,
            42.560174
          ],
          [
            -8.639144,
            42.560176
          ],
          [
            -8.639242,
            42.560172
          ],
          [
            -8.639382,
            42.560175
          ],
          [
            -8.639494,
            42.560179
          ],
          [
            -8.639569,
            42.560177
          ],
          [
            -8.639616,
            42.560172
          ],
          [
            -8.639627,
            42.56025
          ],
          [
            -8.639626,
            42.560439
          ],
          [
            -8.639622,
            42.560567
          ],
          [
            -8.639616,
            42.560791
          ],
          [
            -8.639609,
            42.560848
          ],
          [
            -8.639612,
            42.560896
          ],
          [
            -8.639629,
            42.560951
          ],
          [
            -8.639638,
            42.561013
          ],
          [
            -8.639651,
            42.561088
          ],
          [
            -8.639627,
            42.561128
          ],
          [
            -8.639572,
            42.561163
          ],
          [
            -8.639533,
            42.561184
          ],
          [
            -8.639479,
            42.561211
          ],
          [
            -8.639435,
            42.56124
          ],
          [
            -8.639387,
            42.56127
          ],
          [
            -8.639319,
            42.561314
          ],
          [
            -8.639266,
            42.561349
          ],
          [
            -8.639225,
            42.561375
          ],
          [
            -8.639196,
            42.561392
          ],
          [
            -8.6392,
            42.561423
          ],
          [
            -8.639209,
            42.561468
          ],
          [
            -8.639368,
            42.561693
          ],
          [
            -8.639541,
            42.561951
          ],
          [
            -8.639675,
            42.562154
          ],
          [
            -8.639667,
            42.562211
          ],
          [
            -8.63975,
            42.562323
          ],
          [
            -8.639767,
            42.562335
          ],
          [
            -8.63977,
            42.562334
          ],
          [
            -8.6398,
            42.56233
          ],
          [
            -8.639879,
            42.562305
          ],
          [
            -8.639949,
            42.562291
          ],
          [
            -8.639981,
            42.56229
          ],
          [
            -8.640016,
            42.562296
          ],
          [
            -8.640065,
            42.562315
          ],
          [
            -8.640115,
            42.562336
          ],
          [
            -8.640151,
            42.562348
          ],
          [
            -8.640191,
            42.562352
          ],
          [
            -8.640223,
            42.562346
          ],
          [
            -8.640258,
            42.562344
          ],
          [
            -8.640305,
            42.562332
          ],
          [
            -8.640344,
            42.562321
          ],
          [
            -8.640397,
            42.562309
          ],
          [
            -8.640448,
            42.562334
          ],
          [
            -8.640477,
            42.562362
          ],
          [
            -8.640542,
            42.56248
          ],
          [
            -8.640618,
            42.562553
          ],
          [
            -8.640657,
            42.562595
          ],
          [
            -8.640693,
            42.562639
          ],
          [
            -8.640709,
            42.562668
          ],
          [
            -8.640724,
            42.562694
          ],
          [
            -8.640741,
            42.562716
          ],
          [
            -8.640799,
            42.562795
          ],
          [
            -8.640841,
            42.562895
          ],
          [
            -8.640846,
            42.562915
          ],
          [
            -8.640876,
            42.562963
          ],
          [
            -8.640914,
            42.563024
          ],
          [
            -8.640958,
            42.563067
          ],
          [
            -8.641038,
            42.563126
          ],
          [
            -8.64115,
            42.563204
          ],
          [
            -8.641257,
            42.563307
          ],
          [
            -8.641347,
            42.563412
          ],
          [
            -8.641433,
            42.563548
          ],
          [
            -8.641517,
            42.563693
          ],
          [
            -8.641594,
            42.563839
          ],
          [
            -8.641638,
            42.563929
          ],
          [
            -8.641681,
            42.564062
          ],
          [
            -8.641684,
            42.564073
          ],
          [
            -8.641716,
            42.564195
          ],
          [
            -8.641728,
            42.564298
          ],
          [
            -8.641736,
            42.564399
          ],
          [
            -8.641742,
            42.564478
          ],
          [
            -8.641739,
            42.564516
          ],
          [
            -8.641728,
            42.564567
          ],
          [
            -8.641717,
            42.564621
          ],
          [
            -8.641723,
            42.564662
          ],
          [
            -8.641759,
            42.564688
          ],
          [
            -8.641779,
            42.564721
          ],
          [
            -8.64188,
            42.564716
          ],
          [
            -8.641881,
            42.564751
          ],
          [
            -8.64188,
            42.564824
          ],
          [
            -8.641883,
            42.564971
          ],
          [
            -8.641882,
            42.565094
          ],
          [
            -8.641823,
            42.565398
          ],
          [
            -8.641792,
            42.565447
          ],
          [
            -8.64175,
            42.565593
          ],
          [
            -8.641702,
            42.565713
          ],
          [
            -8.64168,
            42.565795
          ],
          [
            -8.641656,
            42.565857
          ],
          [
            -8.64163,
            42.565938
          ],
          [
            -8.641601,
            42.565999
          ],
          [
            -8.64161,
            42.566063
          ],
          [
            -8.641648,
            42.56633
          ],
          [
            -8.641656,
            42.566399
          ],
          [
            -8.641661,
            42.566434
          ],
          [
            -8.641681,
            42.566455
          ],
          [
            -8.641704,
            42.566476
          ],
          [
            -8.641708,
            42.566505
          ],
          [
            -8.641689,
            42.566542
          ],
          [
            -8.641657,
            42.566611
          ],
          [
            -8.641627,
            42.566651
          ],
          [
            -8.641626,
            42.566692
          ],
          [
            -8.641627,
            42.566747
          ],
          [
            -8.641621,
            42.566781
          ],
          [
            -8.641607,
            42.566826
          ],
          [
            -8.641663,
            42.566912
          ],
          [
            -8.641849,
            42.567116
          ],
          [
            -8.64195,
            42.567241
          ],
          [
            -8.641992,
            42.56733
          ],
          [
            -8.642,
            42.567367
          ],
          [
            -8.642013,
            42.567417
          ],
          [
            -8.642025,
            42.567453
          ],
          [
            -8.642045,
            42.567524
          ],
          [
            -8.642094,
            42.567676
          ],
          [
            -8.642127,
            42.5678
          ],
          [
            -8.642154,
            42.567891
          ],
          [
            -8.642159,
            42.56794
          ],
          [
            -8.642156,
            42.567983
          ],
          [
            -8.64215,
            42.568057
          ],
          [
            -8.642144,
            42.568124
          ],
          [
            -8.642139,
            42.568206
          ],
          [
            -8.64214,
            42.568298
          ],
          [
            -8.642138,
            42.568324
          ],
          [
            -8.642104,
            42.568391
          ],
          [
            -8.642077,
            42.568431
          ],
          [
            -8.642036,
            42.56847
          ],
          [
            -8.642014,
            42.568486
          ],
          [
            -8.64218,
            42.568542
          ],
          [
            -8.642433,
            42.568634
          ],
          [
            -8.642565,
            42.568713
          ],
          [
            -8.642683,
            42.56882
          ],
          [
            -8.642747,
            42.568911
          ],
          [
            -8.642783,
            42.569056
          ],
          [
            -8.642823,
            42.569207
          ],
          [
            -8.642856,
            42.569319
          ],
          [
            -8.642894,
            42.569426
          ],
          [
            -8.642988,
            42.56948
          ],
          [
            -8.643205,
            42.569602
          ],
          [
            -8.643578,
            42.569854
          ],
          [
            -8.643728,
            42.569935
          ],
          [
            -8.643886,
            42.569998
          ],
          [
            -8.644152,
            42.570027
          ],
          [
            -8.64434,
            42.570103
          ],
          [
            -8.644477,
            42.570196
          ],
          [
            -8.644593,
            42.57032
          ],
          [
            -8.644683,
            42.570508
          ],
          [
            -8.644582,
            42.570707
          ],
          [
            -8.644494,
            42.570932
          ],
          [
            -8.644459,
            42.571113
          ],
          [
            -8.644287,
            42.57132
          ],
          [
            -8.643971,
            42.571602
          ],
          [
            -8.64371,
            42.571683
          ],
          [
            -8.643335,
            42.571759
          ],
          [
            -8.643011,
            42.571803
          ],
          [
            -8.643048,
            42.571888
          ],
          [
            -8.643079,
            42.571965
          ],
          [
            -8.643102,
            42.572038
          ],
          [
            -8.643118,
            42.5721
          ],
          [
            -8.643132,
            42.572158
          ],
          [
            -8.643135,
            42.572225
          ],
          [
            -8.643132,
            42.572299
          ],
          [
            -8.643123,
            42.572367
          ],
          [
            -8.643114,
            42.57245
          ],
          [
            -8.64311,
            42.572532
          ],
          [
            -8.643107,
            42.57264
          ],
          [
            -8.643128,
            42.572752
          ],
          [
            -8.643168,
            42.573016
          ],
          [
            -8.643189,
            42.57318
          ],
          [
            -8.643226,
            42.573403
          ],
          [
            -8.643242,
            42.573575
          ],
          [
            -8.643258,
            42.573726
          ],
          [
            -8.643271,
            42.573809
          ],
          [
            -8.643299,
            42.573888
          ],
          [
            -8.643361,
            42.574009
          ],
          [
            -8.643404,
            42.574107
          ],
          [
            -8.643448,
            42.574213
          ],
          [
            -8.643459,
            42.574291
          ],
          [
            -8.643461,
            42.574343
          ],
          [
            -8.643454,
            42.574396
          ],
          [
            -8.643437,
            42.574466
          ],
          [
            -8.643414,
            42.574543
          ],
          [
            -8.643383,
            42.574632
          ],
          [
            -8.643358,
            42.57472
          ],
          [
            -8.643337,
            42.574826
          ],
          [
            -8.643315,
            42.574946
          ],
          [
            -8.643295,
            42.575077
          ],
          [
            -8.643279,
            42.575177
          ],
          [
            -8.643251,
            42.575238
          ],
          [
            -8.643221,
            42.575286
          ],
          [
            -8.643176,
            42.575342
          ],
          [
            -8.643173,
            42.575522
          ],
          [
            -8.643185,
            42.575638
          ],
          [
            -8.643205,
            42.575744
          ],
          [
            -8.643249,
            42.575872
          ],
          [
            -8.643265,
            42.575974
          ],
          [
            -8.643266,
            42.576134
          ],
          [
            -8.643263,
            42.576283
          ],
          [
            -8.643248,
            42.576426
          ],
          [
            -8.643189,
            42.576735
          ],
          [
            -8.643152,
            42.57693
          ],
          [
            -8.643201,
            42.576991
          ],
          [
            -8.643257,
            42.577131
          ],
          [
            -8.64329,
            42.57725
          ],
          [
            -8.643291,
            42.577349
          ],
          [
            -8.643311,
            42.577445
          ],
          [
            -8.643341,
            42.577646
          ],
          [
            -8.643367,
            42.577883
          ],
          [
            -8.643374,
            42.577995
          ],
          [
            -8.64338,
            42.578384
          ],
          [
            -8.643379,
            42.578562
          ],
          [
            -8.643358,
            42.578873
          ],
          [
            -8.643361,
            42.579184
          ],
          [
            -8.643366,
            42.579397
          ],
          [
            -8.643357,
            42.579621
          ],
          [
            -8.643345,
            42.579807
          ],
          [
            -8.643345,
            42.579928
          ],
          [
            -8.643353,
            42.580019
          ],
          [
            -8.643371,
            42.580091
          ],
          [
            -8.643403,
            42.580177
          ],
          [
            -8.643427,
            42.580268
          ],
          [
            -8.643445,
            42.580335
          ],
          [
            -8.643515,
            42.580383
          ],
          [
            -8.643676,
            42.580488
          ],
          [
            -8.643844,
            42.580596
          ],
          [
            -8.643941,
            42.580654
          ],
          [
            -8.644014,
            42.580707
          ],
          [
            -8.644129,
            42.580807
          ],
          [
            -8.644283,
            42.580982
          ],
          [
            -8.644377,
            42.581115
          ],
          [
            -8.644463,
            42.58123
          ],
          [
            -8.644523,
            42.581344
          ],
          [
            -8.64456,
            42.581416
          ],
          [
            -8.644614,
            42.581481
          ],
          [
            -8.644681,
            42.581655
          ],
          [
            -8.644705,
            42.581732
          ],
          [
            -8.644788,
            42.581947
          ],
          [
            -8.6448,
            42.582003
          ],
          [
            -8.644804,
            42.582047
          ],
          [
            -8.644804,
            42.582104
          ],
          [
            -8.644793,
            42.582141
          ],
          [
            -8.644776,
            42.582181
          ],
          [
            -8.644762,
            42.582228
          ],
          [
            -8.644738,
            42.582279
          ],
          [
            -8.6447,
            42.582352
          ],
          [
            -8.644675,
            42.582385
          ],
          [
            -8.644646,
            42.582429
          ],
          [
            -8.644621,
            42.582463
          ],
          [
            -8.644596,
            42.582496
          ],
          [
            -8.644572,
            42.582532
          ],
          [
            -8.644558,
            42.582562
          ],
          [
            -8.644549,
            42.582587
          ],
          [
            -8.644547,
            42.582612
          ],
          [
            -8.644549,
            42.582631
          ],
          [
            -8.644564,
            42.582659
          ],
          [
            -8.644608,
            42.58272
          ],
          [
            -8.644682,
            42.58283
          ],
          [
            -8.644722,
            42.582934
          ],
          [
            -8.64474,
            42.583
          ],
          [
            -8.644734,
            42.583148
          ],
          [
            -8.644714,
            42.583224
          ],
          [
            -8.644696,
            42.583292
          ],
          [
            -8.644689,
            42.58339
          ],
          [
            -8.644704,
            42.58349
          ],
          [
            -8.644732,
            42.583584
          ],
          [
            -8.644818,
            42.583723
          ],
          [
            -8.644874,
            42.583807
          ],
          [
            -8.644954,
            42.583916
          ],
          [
            -8.645058,
            42.584031
          ],
          [
            -8.645192,
            42.584151
          ],
          [
            -8.645324,
            42.584272
          ],
          [
            -8.645462,
            42.584409
          ],
          [
            -8.645581,
            42.584512
          ],
          [
            -8.645705,
            42.584613
          ],
          [
            -8.645778,
            42.584722
          ],
          [
            -8.645826,
            42.584825
          ],
          [
            -8.645842,
            42.58492
          ],
          [
            -8.645841,
            42.585
          ],
          [
            -8.645843,
            42.585104
          ],
          [
            -8.645838,
            42.585221
          ],
          [
            -8.645844,
            42.585296
          ],
          [
            -8.64585,
            42.585377
          ],
          [
            -8.64585,
            42.585444
          ],
          [
            -8.645839,
            42.585515
          ],
          [
            -8.645823,
            42.585579
          ],
          [
            -8.645804,
            42.585661
          ],
          [
            -8.645801,
            42.585693
          ],
          [
            -8.645805,
            42.585743
          ],
          [
            -8.645815,
            42.585806
          ],
          [
            -8.645833,
            42.585878
          ],
          [
            -8.645849,
            42.585937
          ],
          [
            -8.645865,
            42.585997
          ],
          [
            -8.645877,
            42.586047
          ],
          [
            -8.6459,
            42.586114
          ],
          [
            -8.645911,
            42.586176
          ],
          [
            -8.645921,
            42.586233
          ],
          [
            -8.645929,
            42.586289
          ],
          [
            -8.645921,
            42.586419
          ],
          [
            -8.64591,
            42.586514
          ],
          [
            -8.645882,
            42.58659
          ],
          [
            -8.64585,
            42.586637
          ],
          [
            -8.645815,
            42.58668
          ],
          [
            -8.645777,
            42.586714
          ],
          [
            -8.645739,
            42.586748
          ],
          [
            -8.645668,
            42.586828
          ],
          [
            -8.64563,
            42.586906
          ],
          [
            -8.645593,
            42.587008
          ],
          [
            -8.64557,
            42.587066
          ],
          [
            -8.645561,
            42.587113
          ],
          [
            -8.645539,
            42.587162
          ],
          [
            -8.645501,
            42.587237
          ],
          [
            -8.645481,
            42.587294
          ],
          [
            -8.645461,
            42.587403
          ],
          [
            -8.645448,
            42.587477
          ],
          [
            -8.645437,
            42.587518
          ],
          [
            -8.645417,
            42.58759
          ],
          [
            -8.645416,
            42.587638
          ],
          [
            -8.64541,
            42.587654
          ],
          [
            -8.645398,
            42.587708
          ],
          [
            -8.645378,
            42.587765
          ],
          [
            -8.645356,
            42.587818
          ],
          [
            -8.645326,
            42.587863
          ],
          [
            -8.6453,
            42.587919
          ],
          [
            -8.645277,
            42.587985
          ],
          [
            -8.64526,
            42.588081
          ],
          [
            -8.645309,
            42.588164
          ],
          [
            -8.645369,
            42.588273
          ],
          [
            -8.645407,
            42.588369
          ],
          [
            -8.645402,
            42.588479
          ],
          [
            -8.645417,
            42.588595
          ],
          [
            -8.645401,
            42.588695
          ],
          [
            -8.645391,
            42.588797
          ],
          [
            -8.645407,
            42.588963
          ],
          [
            -8.645445,
            42.589109
          ],
          [
            -8.645461,
            42.589215
          ],
          [
            -8.645497,
            42.589346
          ],
          [
            -8.645507,
            42.589473
          ],
          [
            -8.645484,
            42.589543
          ],
          [
            -8.645435,
            42.58964
          ],
          [
            -8.645359,
            42.589752
          ],
          [
            -8.645235,
            42.589936
          ],
          [
            -8.645017,
            42.59026
          ],
          [
            -8.644828,
            42.590499
          ],
          [
            -8.644636,
            42.590737
          ],
          [
            -8.644473,
            42.590908
          ],
          [
            -8.644346,
            42.591043
          ],
          [
            -8.644096,
            42.591278
          ],
          [
            -8.644032,
            42.591355
          ],
          [
            -8.643991,
            42.591526
          ],
          [
            -8.643978,
            42.591653
          ],
          [
            -8.643994,
            42.591724
          ],
          [
            -8.644033,
            42.591819
          ],
          [
            -8.644072,
            42.591898
          ],
          [
            -8.644135,
            42.592016
          ],
          [
            -8.64416,
            42.592102
          ],
          [
            -8.644192,
            42.592234
          ],
          [
            -8.64422,
            42.592343
          ],
          [
            -8.644247,
            42.59249
          ],
          [
            -8.644268,
            42.592607
          ],
          [
            -8.644146,
            42.592924
          ],
          [
            -8.644075,
            42.593111
          ],
          [
            -8.64397,
            42.593349
          ],
          [
            -8.643848,
            42.593611
          ],
          [
            -8.64376,
            42.593812
          ],
          [
            -8.643726,
            42.593969
          ],
          [
            -8.643704,
            42.594062
          ],
          [
            -8.643653,
            42.594169
          ],
          [
            -8.643621,
            42.594271
          ],
          [
            -8.643581,
            42.594378
          ],
          [
            -8.643562,
            42.594462
          ],
          [
            -8.643551,
            42.594514
          ],
          [
            -8.643542,
            42.594653
          ],
          [
            -8.643552,
            42.594741
          ],
          [
            -8.643573,
            42.594831
          ],
          [
            -8.643613,
            42.594959
          ],
          [
            -8.643637,
            42.595068
          ],
          [
            -8.643643,
            42.595207
          ],
          [
            -8.643669,
            42.595456
          ],
          [
            -8.64368,
            42.595544
          ],
          [
            -8.643683,
            42.595674
          ],
          [
            -8.643688,
            42.595781
          ],
          [
            -8.643672,
            42.595902
          ],
          [
            -8.643657,
            42.596029
          ],
          [
            -8.64365,
            42.596117
          ],
          [
            -8.643613,
            42.596238
          ],
          [
            -8.643615,
            42.59633
          ],
          [
            -8.643608,
            42.59649
          ],
          [
            -8.643597,
            42.596581
          ],
          [
            -8.643607,
            42.596704
          ],
          [
            -8.643597,
            42.596959
          ],
          [
            -8.643603,
            42.597207
          ],
          [
            -8.64358,
            42.597371
          ],
          [
            -8.643548,
            42.597768
          ],
          [
            -8.643552,
            42.59782
          ],
          [
            -8.643556,
            42.597872
          ],
          [
            -8.643549,
            42.597973
          ],
          [
            -8.643515,
            42.598027
          ],
          [
            -8.643456,
            42.598092
          ],
          [
            -8.643387,
            42.598147
          ],
          [
            -8.643354,
            42.59819
          ],
          [
            -8.643328,
            42.598272
          ],
          [
            -8.643311,
            42.598384
          ],
          [
            -8.6433,
            42.598479
          ],
          [
            -8.643294,
            42.598575
          ],
          [
            -8.643293,
            42.598651
          ],
          [
            -8.643303,
            42.598752
          ],
          [
            -8.643317,
            42.598872
          ],
          [
            -8.643329,
            42.598977
          ],
          [
            -8.643322,
            42.599051
          ],
          [
            -8.643304,
            42.599125
          ],
          [
            -8.643269,
            42.599218
          ],
          [
            -8.643251,
            42.599323
          ],
          [
            -8.643238,
            42.599418
          ],
          [
            -8.643216,
            42.599518
          ],
          [
            -8.643192,
            42.59957
          ],
          [
            -8.643151,
            42.599633
          ],
          [
            -8.643092,
            42.599695
          ],
          [
            -8.643008,
            42.599757
          ],
          [
            -8.642977,
            42.599764
          ],
          [
            -8.642947,
            42.59977
          ],
          [
            -8.6429,
            42.599968
          ],
          [
            -8.642863,
            42.600201
          ],
          [
            -8.642854,
            42.60034
          ],
          [
            -8.642913,
            42.600347
          ],
          [
            -8.643025,
            42.60038
          ],
          [
            -8.643099,
            42.600402
          ],
          [
            -8.643095,
            42.600463
          ],
          [
            -8.642988,
            42.601001
          ],
          [
            -8.642962,
            42.6012
          ],
          [
            -8.642992,
            42.601311
          ],
          [
            -8.64283,
            42.601492
          ],
          [
            -8.642891,
            42.601522
          ],
          [
            -8.642745,
            42.601755
          ],
          [
            -8.642679,
            42.601905
          ],
          [
            -8.642621,
            42.602065
          ],
          [
            -8.642562,
            42.602303
          ],
          [
            -8.642526,
            42.602495
          ],
          [
            -8.642497,
            42.602747
          ],
          [
            -8.642441,
            42.603176
          ],
          [
            -8.642434,
            42.603317
          ],
          [
            -8.642411,
            42.603442
          ],
          [
            -8.642372,
            42.603537
          ],
          [
            -8.642411,
            42.603553
          ],
          [
            -8.642784,
            42.60365
          ],
          [
            -8.642976,
            42.603687
          ],
          [
            -8.643071,
            42.603747
          ],
          [
            -8.643155,
            42.603839
          ],
          [
            -8.643283,
            42.60399
          ],
          [
            -8.64342,
            42.604088
          ],
          [
            -8.643549,
            42.60419
          ],
          [
            -8.643766,
            42.604411
          ],
          [
            -8.643918,
            42.604587
          ],
          [
            -8.644118,
            42.604819
          ],
          [
            -8.644494,
            42.605223
          ],
          [
            -8.644777,
            42.605534
          ],
          [
            -8.644974,
            42.605755
          ],
          [
            -8.645127,
            42.6059
          ],
          [
            -8.645253,
            42.606009
          ],
          [
            -8.645307,
            42.606073
          ],
          [
            -8.645399,
            42.606175
          ],
          [
            -8.645423,
            42.606222
          ],
          [
            -8.64544,
            42.606288
          ],
          [
            -8.645452,
            42.606404
          ],
          [
            -8.645469,
            42.606605
          ],
          [
            -8.645472,
            42.606748
          ],
          [
            -8.645473,
            42.607087
          ],
          [
            -8.645456,
            42.607233
          ],
          [
            -8.645453,
            42.607345
          ],
          [
            -8.645453,
            42.607458
          ],
          [
            -8.645458,
            42.607577
          ],
          [
            -8.6455,
            42.607633
          ],
          [
            -8.645526,
            42.607688
          ],
          [
            -8.645541,
            42.607759
          ],
          [
            -8.64556,
            42.607859
          ],
          [
            -8.645572,
            42.607944
          ],
          [
            -8.645572,
            42.608033
          ],
          [
            -8.645549,
            42.608157
          ],
          [
            -8.6455,
            42.60822
          ],
          [
            -8.645426,
            42.608237
          ],
          [
            -8.64531,
            42.608241
          ],
          [
            -8.645283,
            42.608324
          ],
          [
            -8.645147,
            42.608301
          ],
          [
            -8.645075,
            42.608593
          ],
          [
            -8.645035,
            42.608831
          ],
          [
            -8.645008,
            42.608953
          ],
          [
            -8.644967,
            42.609087
          ],
          [
            -8.644944,
            42.609199
          ],
          [
            -8.644892,
            42.609375
          ],
          [
            -8.644865,
            42.609493
          ],
          [
            -8.644839,
            42.609578
          ],
          [
            -8.644769,
            42.60966
          ],
          [
            -8.644724,
            42.609732
          ],
          [
            -8.644652,
            42.60982
          ],
          [
            -8.644572,
            42.609911
          ],
          [
            -8.644476,
            42.610011
          ],
          [
            -8.64441,
            42.610077
          ],
          [
            -8.644396,
            42.610147
          ],
          [
            -8.644401,
            42.610253
          ],
          [
            -8.644424,
            42.610354
          ],
          [
            -8.644453,
            42.61044
          ],
          [
            -8.644475,
            42.610593
          ],
          [
            -8.644497,
            42.610774
          ],
          [
            -8.644506,
            42.610883
          ],
          [
            -8.644502,
            42.610941
          ],
          [
            -8.64449,
            42.610987
          ],
          [
            -8.644467,
            42.611061
          ],
          [
            -8.644418,
            42.611144
          ],
          [
            -8.644363,
            42.611243
          ],
          [
            -8.644293,
            42.611381
          ],
          [
            -8.644247,
            42.611457
          ],
          [
            -8.644202,
            42.611564
          ],
          [
            -8.644179,
            42.611656
          ],
          [
            -8.64415,
            42.611778
          ],
          [
            -8.64414,
            42.611892
          ],
          [
            -8.644131,
            42.611979
          ],
          [
            -8.64414,
            42.612062
          ],
          [
            -8.644174,
            42.612145
          ],
          [
            -8.644206,
            42.612229
          ],
          [
            -8.64426,
            42.612339
          ],
          [
            -8.644332,
            42.612482
          ],
          [
            -8.644375,
            42.612577
          ],
          [
            -8.64442,
            42.612691
          ],
          [
            -8.644475,
            42.612856
          ],
          [
            -8.644511,
            42.612982
          ],
          [
            -8.644584,
            42.613112
          ],
          [
            -8.644652,
            42.613242
          ],
          [
            -8.644758,
            42.613455
          ],
          [
            -8.644771,
            42.613498
          ],
          [
            -8.644787,
            42.613558
          ],
          [
            -8.64482,
            42.613579
          ],
          [
            -8.644841,
            42.613615
          ],
          [
            -8.644853,
            42.613666
          ],
          [
            -8.64486,
            42.613728
          ],
          [
            -8.644852,
            42.613803
          ],
          [
            -8.644847,
            42.613859
          ],
          [
            -8.644838,
            42.613937
          ],
          [
            -8.644835,
            42.613992
          ],
          [
            -8.644825,
            42.614036
          ],
          [
            -8.644803,
            42.614081
          ],
          [
            -8.64478,
            42.614128
          ],
          [
            -8.644767,
            42.61416
          ],
          [
            -8.644747,
            42.614233
          ],
          [
            -8.64474,
            42.614263
          ],
          [
            -8.644734,
            42.614295
          ],
          [
            -8.644714,
            42.614482
          ],
          [
            -8.644676,
            42.614695
          ],
          [
            -8.644665,
            42.614785
          ],
          [
            -8.644643,
            42.614908
          ],
          [
            -8.644629,
            42.615031
          ],
          [
            -8.644604,
            42.615184
          ],
          [
            -8.644584,
            42.615296
          ],
          [
            -8.644569,
            42.615361
          ],
          [
            -8.64454,
            42.615473
          ],
          [
            -8.644511,
            42.615623
          ],
          [
            -8.644495,
            42.615745
          ],
          [
            -8.644492,
            42.615873
          ],
          [
            -8.644513,
            42.616019
          ],
          [
            -8.644521,
            42.616086
          ],
          [
            -8.644534,
            42.616119
          ],
          [
            -8.644581,
            42.616156
          ],
          [
            -8.644629,
            42.6162
          ],
          [
            -8.644628,
            42.616426
          ],
          [
            -8.64465,
            42.616535
          ],
          [
            -8.64476,
            42.616819
          ],
          [
            -8.644802,
            42.616933
          ],
          [
            -8.644802,
            42.61699
          ],
          [
            -8.644792,
            42.617134
          ],
          [
            -8.644772,
            42.617261
          ],
          [
            -8.644735,
            42.617423
          ],
          [
            -8.644693,
            42.617574
          ],
          [
            -8.644663,
            42.617707
          ],
          [
            -8.644623,
            42.617856
          ],
          [
            -8.644609,
            42.617981
          ],
          [
            -8.644622,
            42.61816
          ],
          [
            -8.644641,
            42.618392
          ],
          [
            -8.644626,
            42.618504
          ],
          [
            -8.644628,
            42.618577
          ],
          [
            -8.644618,
            42.618629
          ],
          [
            -8.644628,
            42.618669
          ],
          [
            -8.644637,
            42.618688
          ],
          [
            -8.644623,
            42.618728
          ],
          [
            -8.644594,
            42.618766
          ],
          [
            -8.644575,
            42.618825
          ],
          [
            -8.644586,
            42.61887
          ],
          [
            -8.644612,
            42.618931
          ],
          [
            -8.64464,
            42.618973
          ],
          [
            -8.644673,
            42.619011
          ],
          [
            -8.644708,
            42.619075
          ],
          [
            -8.644746,
            42.619161
          ],
          [
            -8.644747,
            42.619235
          ],
          [
            -8.644739,
            42.619319
          ],
          [
            -8.644716,
            42.619421
          ],
          [
            -8.644673,
            42.619508
          ],
          [
            -8.644612,
            42.619638
          ],
          [
            -8.644545,
            42.619721
          ],
          [
            -8.64445,
            42.619841
          ],
          [
            -8.644388,
            42.619994
          ],
          [
            -8.644364,
            42.620074
          ],
          [
            -8.644357,
            42.620126
          ],
          [
            -8.644375,
            42.620181
          ],
          [
            -8.644387,
            42.620223
          ],
          [
            -8.644386,
            42.620284
          ],
          [
            -8.644369,
            42.620364
          ],
          [
            -8.644357,
            42.62043
          ],
          [
            -8.644328,
            42.620513
          ],
          [
            -8.644278,
            42.620617
          ],
          [
            -8.644246,
            42.620704
          ],
          [
            -8.644172,
            42.620829
          ],
          [
            -8.644149,
            42.620881
          ],
          [
            -8.644096,
            42.620974
          ],
          [
            -8.644043,
            42.621081
          ],
          [
            -8.643958,
            42.621237
          ],
          [
            -8.643915,
            42.621313
          ],
          [
            -8.64382,
            42.621502
          ],
          [
            -8.643738,
            42.621645
          ],
          [
            -8.643667,
            42.62178
          ],
          [
            -8.643626,
            42.621887
          ],
          [
            -8.643569,
            42.621985
          ],
          [
            -8.643468,
            42.622152
          ],
          [
            -8.643421,
            42.622326
          ],
          [
            -8.64341,
            42.622471
          ],
          [
            -8.643388,
            42.622641
          ],
          [
            -8.64337,
            42.622771
          ],
          [
            -8.643341,
            42.622903
          ],
          [
            -8.643351,
            42.623022
          ],
          [
            -8.643395,
            42.623156
          ],
          [
            -8.643514,
            42.623307
          ],
          [
            -8.64358,
            42.623373
          ],
          [
            -8.643659,
            42.623466
          ],
          [
            -8.643732,
            42.623569
          ],
          [
            -8.643782,
            42.623681
          ],
          [
            -8.643801,
            42.623853
          ],
          [
            -8.643806,
            42.624004
          ],
          [
            -8.643808,
            42.62411
          ],
          [
            -8.643804,
            42.624237
          ],
          [
            -8.643806,
            42.624313
          ],
          [
            -8.643833,
            42.624517
          ],
          [
            -8.643841,
            42.624593
          ],
          [
            -8.643856,
            42.624704
          ],
          [
            -8.643862,
            42.624745
          ],
          [
            -8.643879,
            42.624797
          ],
          [
            -8.643903,
            42.624885
          ],
          [
            -8.643916,
            42.624957
          ],
          [
            -8.643917,
            42.625032
          ],
          [
            -8.643915,
            42.625111
          ],
          [
            -8.64391,
            42.625188
          ],
          [
            -8.643902,
            42.62525
          ],
          [
            -8.643901,
            42.625345
          ],
          [
            -8.643896,
            42.625409
          ],
          [
            -8.64389,
            42.625485
          ],
          [
            -8.643898,
            42.625553
          ],
          [
            -8.643919,
            42.625635
          ],
          [
            -8.64395,
            42.625706
          ],
          [
            -8.643995,
            42.625774
          ],
          [
            -8.644033,
            42.625823
          ],
          [
            -8.644088,
            42.625873
          ],
          [
            -8.644158,
            42.625926
          ],
          [
            -8.64422,
            42.62597
          ],
          [
            -8.644282,
            42.626014
          ],
          [
            -8.644394,
            42.626124
          ],
          [
            -8.64456,
            42.626297
          ],
          [
            -8.644709,
            42.626455
          ],
          [
            -8.644807,
            42.626585
          ],
          [
            -8.644858,
            42.626774
          ],
          [
            -8.644913,
            42.626997
          ],
          [
            -8.644971,
            42.627337
          ],
          [
            -8.644992,
            42.627443
          ],
          [
            -8.645061,
            42.627554
          ],
          [
            -8.645098,
            42.62765
          ],
          [
            -8.645119,
            42.627742
          ],
          [
            -8.645119,
            42.627833
          ],
          [
            -8.645118,
            42.627951
          ],
          [
            -8.645119,
            42.628141
          ],
          [
            -8.645091,
            42.628542
          ],
          [
            -8.64509,
            42.628727
          ],
          [
            -8.645063,
            42.62904
          ],
          [
            -8.645039,
            42.629246
          ],
          [
            -8.645013,
            42.629574
          ],
          [
            -8.644983,
            42.629731
          ],
          [
            -8.644959,
            42.629897
          ],
          [
            -8.644931,
            42.630029
          ],
          [
            -8.6449,
            42.630131
          ],
          [
            -8.644862,
            42.630257
          ],
          [
            -8.644796,
            42.630363
          ],
          [
            -8.644797,
            42.630401
          ],
          [
            -8.644799,
            42.630481
          ],
          [
            -8.644783,
            42.630551
          ],
          [
            -8.644745,
            42.630619
          ],
          [
            -8.644696,
            42.630719
          ],
          [
            -8.644623,
            42.630845
          ],
          [
            -8.64459,
            42.631019
          ],
          [
            -8.644607,
            42.631144
          ],
          [
            -8.644606,
            42.631229
          ],
          [
            -8.644598,
            42.63135
          ],
          [
            -8.644565,
            42.63149
          ],
          [
            -8.644532,
            42.631658
          ],
          [
            -8.644516,
            42.631797
          ],
          [
            -8.644538,
            42.631871
          ],
          [
            -8.644615,
            42.631957
          ],
          [
            -8.644729,
            42.632056
          ],
          [
            -8.644844,
            42.632156
          ],
          [
            -8.645009,
            42.632244
          ],
          [
            -8.645154,
            42.632321
          ],
          [
            -8.645216,
            42.632383
          ],
          [
            -8.645253,
            42.632497
          ],
          [
            -8.64527,
            42.632656
          ],
          [
            -8.645269,
            42.632814
          ],
          [
            -8.64525,
            42.633014
          ],
          [
            -8.645242,
            42.633191
          ],
          [
            -8.645168,
            42.633368
          ],
          [
            -8.64508,
            42.63359
          ],
          [
            -8.645012,
            42.633735
          ],
          [
            -8.644974,
            42.633935
          ],
          [
            -8.644955,
            42.634089
          ],
          [
            -8.644908,
            42.634406
          ],
          [
            -8.644866,
            42.634569
          ],
          [
            -8.644825,
            42.634741
          ],
          [
            -8.644782,
            42.63507
          ],
          [
            -8.64478,
            42.635149
          ],
          [
            -8.644795,
            42.635232
          ],
          [
            -8.64481,
            42.635322
          ],
          [
            -8.644818,
            42.635418
          ],
          [
            -8.644828,
            42.635516
          ],
          [
            -8.644842,
            42.635656
          ],
          [
            -8.644841,
            42.635754
          ],
          [
            -8.64484,
            42.635844
          ],
          [
            -8.644842,
            42.635921
          ],
          [
            -8.644846,
            42.636012
          ],
          [
            -8.644846,
            42.636091
          ],
          [
            -8.644846,
            42.636216
          ],
          [
            -8.644839,
            42.636286
          ],
          [
            -8.644834,
            42.636355
          ],
          [
            -8.644839,
            42.636416
          ],
          [
            -8.644843,
            42.63654
          ],
          [
            -8.644845,
            42.636659
          ],
          [
            -8.644845,
            42.636764
          ],
          [
            -8.644843,
            42.636915
          ],
          [
            -8.64484,
            42.636965
          ],
          [
            -8.644814,
            42.63701
          ],
          [
            -8.644792,
            42.637051
          ],
          [
            -8.644756,
            42.637102
          ],
          [
            -8.644705,
            42.637171
          ],
          [
            -8.644657,
            42.637249
          ],
          [
            -8.644631,
            42.637342
          ],
          [
            -8.644614,
            42.637397
          ],
          [
            -8.644614,
            42.637457
          ],
          [
            -8.64463,
            42.637517
          ],
          [
            -8.644658,
            42.637615
          ],
          [
            -8.644671,
            42.637684
          ],
          [
            -8.644686,
            42.637782
          ],
          [
            -8.644672,
            42.637879
          ],
          [
            -8.644667,
            42.63804
          ],
          [
            -8.644679,
            42.638174
          ],
          [
            -8.644647,
            42.638334
          ],
          [
            -8.644591,
            42.638531
          ],
          [
            -8.644509,
            42.638705
          ],
          [
            -8.644481,
            42.638872
          ],
          [
            -8.644414,
            42.639069
          ],
          [
            -8.644382,
            42.639165
          ],
          [
            -8.644292,
            42.639318
          ],
          [
            -8.644226,
            42.639439
          ],
          [
            -8.644128,
            42.639614
          ],
          [
            -8.644071,
            42.639655
          ],
          [
            -8.643981,
            42.639722
          ],
          [
            -8.643885,
            42.639786
          ],
          [
            -8.643821,
            42.639835
          ],
          [
            -8.643746,
            42.639893
          ],
          [
            -8.643688,
            42.639943
          ],
          [
            -8.643636,
            42.640012
          ],
          [
            -8.643584,
            42.640092
          ],
          [
            -8.643518,
            42.64018
          ],
          [
            -8.643465,
            42.640274
          ],
          [
            -8.643377,
            42.640416
          ],
          [
            -8.643346,
            42.64049
          ],
          [
            -8.64331,
            42.640626
          ],
          [
            -8.643275,
            42.640715
          ],
          [
            -8.643229,
            42.640828
          ],
          [
            -8.643201,
            42.640891
          ],
          [
            -8.643159,
            42.641
          ],
          [
            -8.643126,
            42.641075
          ],
          [
            -8.64308,
            42.64123
          ],
          [
            -8.64306,
            42.64134
          ],
          [
            -8.643044,
            42.641504
          ],
          [
            -8.64302,
            42.641591
          ],
          [
            -8.642996,
            42.641704
          ],
          [
            -8.642983,
            42.641789
          ],
          [
            -8.642995,
            42.641913
          ],
          [
            -8.643018,
            42.642026
          ],
          [
            -8.643036,
            42.642171
          ],
          [
            -8.643056,
            42.642268
          ],
          [
            -8.643089,
            42.642346
          ],
          [
            -8.643099,
            42.642427
          ],
          [
            -8.643123,
            42.642496
          ],
          [
            -8.643105,
            42.642538
          ],
          [
            -8.643071,
            42.642578
          ],
          [
            -8.643031,
            42.642608
          ],
          [
            -8.643006,
            42.642675
          ],
          [
            -8.643026,
            42.642701
          ],
          [
            -8.643088,
            42.642739
          ],
          [
            -8.643136,
            42.642765
          ],
          [
            -8.643218,
            42.642794
          ],
          [
            -8.643304,
            42.642827
          ],
          [
            -8.643341,
            42.642864
          ],
          [
            -8.643359,
            42.642906
          ],
          [
            -8.643382,
            42.64301
          ],
          [
            -8.64339,
            42.643095
          ],
          [
            -8.643387,
            42.643227
          ],
          [
            -8.643394,
            42.643349
          ],
          [
            -8.643406,
            42.643445
          ],
          [
            -8.643407,
            42.643527
          ],
          [
            -8.643401,
            42.643631
          ],
          [
            -8.643386,
            42.643722
          ],
          [
            -8.643369,
            42.64377
          ],
          [
            -8.643337,
            42.643858
          ],
          [
            -8.643293,
            42.643968
          ],
          [
            -8.643268,
            42.644071
          ],
          [
            -8.643235,
            42.644216
          ],
          [
            -8.643205,
            42.644323
          ],
          [
            -8.643183,
            42.644421
          ],
          [
            -8.643166,
            42.644528
          ],
          [
            -8.64317,
            42.644617
          ],
          [
            -8.64321,
            42.644763
          ],
          [
            -8.643268,
            42.644884
          ],
          [
            -8.64332,
            42.644954
          ],
          [
            -8.643365,
            42.645025
          ],
          [
            -8.643396,
            42.645071
          ],
          [
            -8.643407,
            42.645104
          ],
          [
            -8.643409,
            42.645187
          ],
          [
            -8.643388,
            42.645271
          ],
          [
            -8.643346,
            42.645333
          ],
          [
            -8.643344,
            42.645401
          ],
          [
            -8.643397,
            42.645464
          ],
          [
            -8.643397,
            42.645519
          ],
          [
            -8.643411,
            42.645567
          ],
          [
            -8.643428,
            42.645601
          ],
          [
            -8.64345,
            42.645618
          ],
          [
            -8.643501,
            42.645665
          ],
          [
            -8.643551,
            42.645722
          ],
          [
            -8.643583,
            42.645779
          ],
          [
            -8.643589,
            42.64582
          ],
          [
            -8.643583,
            42.645923
          ],
          [
            -8.643572,
            42.646057
          ],
          [
            -8.643565,
            42.646202
          ],
          [
            -8.643568,
            42.646311
          ],
          [
            -8.643587,
            42.64642
          ],
          [
            -8.643607,
            42.646506
          ],
          [
            -8.643628,
            42.646597
          ],
          [
            -8.643658,
            42.646701
          ],
          [
            -8.643675,
            42.646805
          ],
          [
            -8.643686,
            42.646893
          ],
          [
            -8.643689,
            42.646954
          ],
          [
            -8.643712,
            42.646991
          ],
          [
            -8.643823,
            42.647102
          ],
          [
            -8.643925,
            42.647196
          ],
          [
            -8.644052,
            42.64728
          ],
          [
            -8.644208,
            42.647371
          ],
          [
            -8.644301,
            42.647441
          ],
          [
            -8.644381,
            42.647519
          ],
          [
            -8.644458,
            42.647619
          ],
          [
            -8.644534,
            42.647722
          ],
          [
            -8.644586,
            42.647805
          ],
          [
            -8.644626,
            42.647862
          ],
          [
            -8.644659,
            42.647934
          ],
          [
            -8.644679,
            42.647995
          ],
          [
            -8.644689,
            42.648051
          ],
          [
            -8.644701,
            42.648123
          ],
          [
            -8.644709,
            42.648182
          ],
          [
            -8.644715,
            42.648245
          ],
          [
            -8.644725,
            42.648291
          ],
          [
            -8.64474,
            42.648338
          ],
          [
            -8.644755,
            42.648389
          ],
          [
            -8.644777,
            42.648442
          ],
          [
            -8.644798,
            42.648491
          ],
          [
            -8.644838,
            42.648583
          ],
          [
            -8.64489,
            42.648685
          ],
          [
            -8.644908,
            42.648732
          ],
          [
            -8.644918,
            42.648777
          ],
          [
            -8.644927,
            42.648827
          ],
          [
            -8.644935,
            42.648885
          ],
          [
            -8.644934,
            42.648939
          ],
          [
            -8.644931,
            42.648981
          ],
          [
            -8.644954,
            42.649045
          ],
          [
            -8.644988,
            42.649118
          ],
          [
            -8.645008,
            42.649176
          ],
          [
            -8.645014,
            42.649198
          ],
          [
            -8.645025,
            42.649244
          ],
          [
            -8.645055,
            42.649317
          ],
          [
            -8.645081,
            42.649354
          ],
          [
            -8.645126,
            42.649382
          ],
          [
            -8.64518,
            42.649401
          ],
          [
            -8.645226,
            42.64941
          ],
          [
            -8.645235,
            42.649387
          ],
          [
            -8.645253,
            42.649333
          ],
          [
            -8.645375,
            42.649326
          ],
          [
            -8.645465,
            42.649334
          ],
          [
            -8.645535,
            42.649342
          ],
          [
            -8.64559,
            42.649354
          ],
          [
            -8.645641,
            42.649373
          ],
          [
            -8.645684,
            42.649395
          ],
          [
            -8.645735,
            42.649424
          ],
          [
            -8.645771,
            42.649466
          ],
          [
            -8.645821,
            42.649507
          ],
          [
            -8.645879,
            42.649539
          ],
          [
            -8.645972,
            42.649557
          ],
          [
            -8.646034,
            42.649569
          ],
          [
            -8.646061,
            42.649617
          ],
          [
            -8.64608,
            42.649681
          ],
          [
            -8.646096,
            42.64972
          ],
          [
            -8.64612,
            42.649747
          ],
          [
            -8.646173,
            42.64979
          ],
          [
            -8.646231,
            42.649834
          ],
          [
            -8.646303,
            42.649908
          ],
          [
            -8.646392,
            42.649995
          ],
          [
            -8.646457,
            42.65006
          ],
          [
            -8.646539,
            42.650114
          ],
          [
            -8.646642,
            42.650171
          ],
          [
            -8.64673,
            42.650225
          ],
          [
            -8.646783,
            42.650267
          ],
          [
            -8.64681,
            42.650308
          ],
          [
            -8.646812,
            42.650354
          ],
          [
            -8.646812,
            42.650396
          ],
          [
            -8.646807,
            42.650458
          ],
          [
            -8.646795,
            42.650506
          ],
          [
            -8.646796,
            42.650542
          ],
          [
            -8.646825,
            42.650574
          ],
          [
            -8.646877,
            42.650602
          ],
          [
            -8.646931,
            42.650623
          ],
          [
            -8.646939,
            42.650659
          ],
          [
            -8.646926,
            42.6507
          ],
          [
            -8.646903,
            42.650734
          ],
          [
            -8.64687,
            42.650777
          ],
          [
            -8.646756,
            42.650818
          ],
          [
            -8.6466,
            42.650873
          ],
          [
            -8.646457,
            42.650905
          ],
          [
            -8.646392,
            42.650938
          ],
          [
            -8.646357,
            42.651
          ],
          [
            -8.646348,
            42.651067
          ],
          [
            -8.646347,
            42.651164
          ],
          [
            -8.646355,
            42.651261
          ],
          [
            -8.646388,
            42.651355
          ],
          [
            -8.646409,
            42.651403
          ],
          [
            -8.646466,
            42.651468
          ],
          [
            -8.646465,
            42.651527
          ],
          [
            -8.646438,
            42.651589
          ],
          [
            -8.646387,
            42.651647
          ],
          [
            -8.646331,
            42.651703
          ],
          [
            -8.646298,
            42.651731
          ],
          [
            -8.646259,
            42.651762
          ],
          [
            -8.646208,
            42.651796
          ],
          [
            -8.646107,
            42.651843
          ],
          [
            -8.645981,
            42.651917
          ],
          [
            -8.64591,
            42.651945
          ],
          [
            -8.645807,
            42.651989
          ],
          [
            -8.64573,
            42.652027
          ],
          [
            -8.645636,
            42.652093
          ],
          [
            -8.645549,
            42.652195
          ],
          [
            -8.64549,
            42.65232
          ],
          [
            -8.645443,
            42.652405
          ],
          [
            -8.645351,
            42.652573
          ],
          [
            -8.645184,
            42.652768
          ],
          [
            -8.645055,
            42.652923
          ],
          [
            -8.64497,
            42.653018
          ],
          [
            -8.644868,
            42.653116
          ],
          [
            -8.644798,
            42.653198
          ],
          [
            -8.644695,
            42.653334
          ],
          [
            -8.644561,
            42.653503
          ],
          [
            -8.644519,
            42.653543
          ],
          [
            -8.64446,
            42.65358
          ],
          [
            -8.644371,
            42.653624
          ],
          [
            -8.644304,
            42.653671
          ],
          [
            -8.644232,
            42.653715
          ],
          [
            -8.644197,
            42.653735
          ],
          [
            -8.644203,
            42.653775
          ],
          [
            -8.644218,
            42.653864
          ],
          [
            -8.644234,
            42.653952
          ],
          [
            -8.644239,
            42.654012
          ],
          [
            -8.644249,
            42.654047
          ],
          [
            -8.644268,
            42.654077
          ],
          [
            -8.644287,
            42.654094
          ],
          [
            -8.644284,
            42.654122
          ],
          [
            -8.644266,
            42.654187
          ],
          [
            -8.644242,
            42.654247
          ],
          [
            -8.644222,
            42.65428
          ],
          [
            -8.644201,
            42.654316
          ],
          [
            -8.644146,
            42.65438
          ],
          [
            -8.644009,
            42.654552
          ],
          [
            -8.643941,
            42.654639
          ],
          [
            -8.643913,
            42.654673
          ],
          [
            -8.64389,
            42.65469
          ],
          [
            -8.643861,
            42.654706
          ],
          [
            -8.643697,
            42.654735
          ],
          [
            -8.643645,
            42.654742
          ],
          [
            -8.643513,
            42.654743
          ],
          [
            -8.643417,
            42.654757
          ],
          [
            -8.643317,
            42.654786
          ],
          [
            -8.643233,
            42.654814
          ],
          [
            -8.643176,
            42.654852
          ],
          [
            -8.64312,
            42.654896
          ],
          [
            -8.643056,
            42.654967
          ],
          [
            -8.643024,
            42.655037
          ],
          [
            -8.643015,
            42.655076
          ],
          [
            -8.64303,
            42.65514
          ],
          [
            -8.643061,
            42.655195
          ],
          [
            -8.643075,
            42.655229
          ],
          [
            -8.64311,
            42.655308
          ],
          [
            -8.643118,
            42.65538
          ],
          [
            -8.643123,
            42.655426
          ],
          [
            -8.643104,
            42.655448
          ],
          [
            -8.64304,
            42.655475
          ],
          [
            -8.642986,
            42.655492
          ],
          [
            -8.642935,
            42.655499
          ],
          [
            -8.642856,
            42.655508
          ],
          [
            -8.642714,
            42.655519
          ],
          [
            -8.642578,
            42.655531
          ],
          [
            -8.642449,
            42.655534
          ],
          [
            -8.642383,
            42.655543
          ],
          [
            -8.642332,
            42.655585
          ],
          [
            -8.642262,
            42.655639
          ],
          [
            -8.64221,
            42.655696
          ],
          [
            -8.642158,
            42.65575
          ],
          [
            -8.642112,
            42.655804
          ],
          [
            -8.642084,
            42.655827
          ],
          [
            -8.642062,
            42.655844
          ],
          [
            -8.642154,
            42.655908
          ],
          [
            -8.642228,
            42.655997
          ],
          [
            -8.642277,
            42.656071
          ],
          [
            -8.642334,
            42.65618
          ],
          [
            -8.642352,
            42.656253
          ],
          [
            -8.642372,
            42.656346
          ],
          [
            -8.642409,
            42.65647
          ],
          [
            -8.642442,
            42.656548
          ],
          [
            -8.642524,
            42.656705
          ],
          [
            -8.642581,
            42.656826
          ],
          [
            -8.642624,
            42.656944
          ],
          [
            -8.642656,
            42.657004
          ],
          [
            -8.642693,
            42.657058
          ],
          [
            -8.64278,
            42.657164
          ],
          [
            -8.64283,
            42.657232
          ],
          [
            -8.642844,
            42.657277
          ],
          [
            -8.642841,
            42.65732
          ],
          [
            -8.642749,
            42.657365
          ],
          [
            -8.642652,
            42.657418
          ],
          [
            -8.642555,
            42.657483
          ],
          [
            -8.642426,
            42.65755
          ],
          [
            -8.642357,
            42.657574
          ],
          [
            -8.642268,
            42.657589
          ],
          [
            -8.6422,
            42.657619
          ],
          [
            -8.642112,
            42.657672
          ],
          [
            -8.641979,
            42.657736
          ],
          [
            -8.641784,
            42.657825
          ],
          [
            -8.641656,
            42.657889
          ],
          [
            -8.641546,
            42.657941
          ],
          [
            -8.641439,
            42.657971
          ],
          [
            -8.641314,
            42.65799
          ],
          [
            -8.64118,
            42.658002
          ],
          [
            -8.641043,
            42.65802
          ],
          [
            -8.64092,
            42.658029
          ],
          [
            -8.640776,
            42.658044
          ],
          [
            -8.640633,
            42.658064
          ],
          [
            -8.640514,
            42.658085
          ],
          [
            -8.640422,
            42.658109
          ],
          [
            -8.640289,
            42.658126
          ],
          [
            -8.640171,
            42.658143
          ],
          [
            -8.640106,
            42.658165
          ],
          [
            -8.640036,
            42.658196
          ],
          [
            -8.640004,
            42.658253
          ],
          [
            -8.639965,
            42.658334
          ],
          [
            -8.639942,
            42.6584
          ],
          [
            -8.63993,
            42.658445
          ],
          [
            -8.639896,
            42.658504
          ],
          [
            -8.639873,
            42.65856
          ],
          [
            -8.639845,
            42.658612
          ],
          [
            -8.639783,
            42.658651
          ],
          [
            -8.639732,
            42.658668
          ],
          [
            -8.639651,
            42.658674
          ],
          [
            -8.639542,
            42.658679
          ],
          [
            -8.639426,
            42.658683
          ],
          [
            -8.639326,
            42.658681
          ],
          [
            -8.639284,
            42.65866
          ],
          [
            -8.639238,
            42.658636
          ],
          [
            -8.639186,
            42.658579
          ],
          [
            -8.639135,
            42.658496
          ],
          [
            -8.639071,
            42.658408
          ],
          [
            -8.639018,
            42.65836
          ],
          [
            -8.638937,
            42.658303
          ],
          [
            -8.63887,
            42.658266
          ],
          [
            -8.638798,
            42.658227
          ],
          [
            -8.638719,
            42.658198
          ],
          [
            -8.638628,
            42.658172
          ],
          [
            -8.638514,
            42.658146
          ],
          [
            -8.638419,
            42.658122
          ],
          [
            -8.638286,
            42.658076
          ],
          [
            -8.638187,
            42.658088
          ],
          [
            -8.63811,
            42.658138
          ],
          [
            -8.638064,
            42.6582
          ],
          [
            -8.638034,
            42.658287
          ],
          [
            -8.638011,
            42.658401
          ],
          [
            -8.637825,
            42.6584
          ],
          [
            -8.637691,
            42.658416
          ],
          [
            -8.637492,
            42.658437
          ],
          [
            -8.637335,
            42.658456
          ],
          [
            -8.637153,
            42.658468
          ],
          [
            -8.636951,
            42.658479
          ],
          [
            -8.636918,
            42.658502
          ],
          [
            -8.636847,
            42.65855
          ],
          [
            -8.636787,
            42.658609
          ],
          [
            -8.636711,
            42.658687
          ],
          [
            -8.636662,
            42.658729
          ],
          [
            -8.63659,
            42.658758
          ],
          [
            -8.636481,
            42.658788
          ],
          [
            -8.636382,
            42.65881
          ],
          [
            -8.636237,
            42.658832
          ],
          [
            -8.636045,
            42.658862
          ],
          [
            -8.635813,
            42.658896
          ],
          [
            -8.635593,
            42.658928
          ],
          [
            -8.635424,
            42.658952
          ],
          [
            -8.635356,
            42.658967
          ],
          [
            -8.635367,
            42.659188
          ],
          [
            -8.63536,
            42.659239
          ],
          [
            -8.635349,
            42.659275
          ],
          [
            -8.635317,
            42.659334
          ],
          [
            -8.63527,
            42.659406
          ],
          [
            -8.635244,
            42.659466
          ],
          [
            -8.63524,
            42.659511
          ],
          [
            -8.635246,
            42.659549
          ],
          [
            -8.635261,
            42.659583
          ],
          [
            -8.635609,
            42.660059
          ],
          [
            -8.635775,
            42.660296
          ],
          [
            -8.63591,
            42.660418
          ],
          [
            -8.636037,
            42.660545
          ],
          [
            -8.636179,
            42.660684
          ],
          [
            -8.63629,
            42.660854
          ],
          [
            -8.636355,
            42.660981
          ],
          [
            -8.63639,
            42.661071
          ],
          [
            -8.636426,
            42.661176
          ],
          [
            -8.636444,
            42.661285
          ],
          [
            -8.636437,
            42.661375
          ],
          [
            -8.636408,
            42.66145
          ],
          [
            -8.636362,
            42.66153
          ],
          [
            -8.636295,
            42.661591
          ],
          [
            -8.636229,
            42.661645
          ],
          [
            -8.636147,
            42.661699
          ],
          [
            -8.635987,
            42.661802
          ],
          [
            -8.635832,
            42.661907
          ],
          [
            -8.635708,
            42.662
          ],
          [
            -8.635592,
            42.66209
          ],
          [
            -8.635508,
            42.662163
          ],
          [
            -8.635418,
            42.662274
          ],
          [
            -8.635314,
            42.66239
          ],
          [
            -8.635224,
            42.662515
          ],
          [
            -8.635189,
            42.662559
          ],
          [
            -8.635149,
            42.662592
          ],
          [
            -8.635097,
            42.66262
          ],
          [
            -8.635037,
            42.662654
          ],
          [
            -8.634962,
            42.662715
          ],
          [
            -8.634873,
            42.662793
          ],
          [
            -8.634811,
            42.662848
          ],
          [
            -8.634721,
            42.66291
          ],
          [
            -8.634646,
            42.662968
          ],
          [
            -8.63459,
            42.66302
          ],
          [
            -8.634559,
            42.663064
          ],
          [
            -8.63452,
            42.663129
          ],
          [
            -8.634486,
            42.663189
          ],
          [
            -8.634432,
            42.663239
          ],
          [
            -8.63437,
            42.663292
          ],
          [
            -8.63429,
            42.663378
          ],
          [
            -8.634142,
            42.663574
          ],
          [
            -8.634026,
            42.663727
          ],
          [
            -8.633926,
            42.663853
          ],
          [
            -8.633882,
            42.663938
          ],
          [
            -8.633856,
            42.664003
          ],
          [
            -8.633803,
            42.664109
          ],
          [
            -8.633721,
            42.664291
          ],
          [
            -8.633627,
            42.664483
          ],
          [
            -8.633579,
            42.664589
          ],
          [
            -8.633529,
            42.664694
          ],
          [
            -8.63349,
            42.664784
          ],
          [
            -8.633443,
            42.664919
          ],
          [
            -8.63339,
            42.665098
          ],
          [
            -8.633337,
            42.665296
          ],
          [
            -8.63329,
            42.665463
          ],
          [
            -8.633255,
            42.66565
          ],
          [
            -8.633235,
            42.665759
          ],
          [
            -8.63321,
            42.66594
          ],
          [
            -8.633197,
            42.666101
          ],
          [
            -8.63317,
            42.666274
          ],
          [
            -8.633156,
            42.666381
          ],
          [
            -8.633145,
            42.666507
          ],
          [
            -8.633139,
            42.666616
          ],
          [
            -8.633137,
            42.666755
          ],
          [
            -8.633135,
            42.666852
          ],
          [
            -8.633145,
            42.666947
          ],
          [
            -8.633154,
            42.667016
          ],
          [
            -8.633158,
            42.667068
          ],
          [
            -8.633158,
            42.667122
          ],
          [
            -8.633146,
            42.667162
          ],
          [
            -8.633131,
            42.667191
          ],
          [
            -8.633121,
            42.667218
          ],
          [
            -8.633135,
            42.667281
          ],
          [
            -8.633299,
            42.667258
          ],
          [
            -8.633673,
            42.667214
          ],
          [
            -8.633824,
            42.667196
          ],
          [
            -8.633824,
            42.667206
          ],
          [
            -8.633794,
            42.667351
          ],
          [
            -8.633793,
            42.667458
          ],
          [
            -8.633802,
            42.667555
          ],
          [
            -8.633817,
            42.667675
          ],
          [
            -8.633831,
            42.667828
          ],
          [
            -8.633833,
            42.668062
          ],
          [
            -8.633865,
            42.6683
          ],
          [
            -8.633866,
            42.668448
          ],
          [
            -8.633867,
            42.668563
          ],
          [
            -8.633858,
            42.668705
          ],
          [
            -8.633851,
            42.668829
          ],
          [
            -8.633858,
            42.668992
          ],
          [
            -8.633864,
            42.669136
          ],
          [
            -8.633864,
            42.669274
          ],
          [
            -8.63385,
            42.669405
          ],
          [
            -8.63383,
            42.66956
          ],
          [
            -8.633811,
            42.669718
          ],
          [
            -8.633805,
            42.669796
          ],
          [
            -8.633787,
            42.669918
          ],
          [
            -8.633767,
            42.670019
          ],
          [
            -8.633737,
            42.67013
          ],
          [
            -8.633712,
            42.670223
          ],
          [
            -8.633672,
            42.670348
          ],
          [
            -8.633612,
            42.670511
          ],
          [
            -8.633546,
            42.670694
          ],
          [
            -8.63349,
            42.670839
          ],
          [
            -8.633471,
            42.670954
          ],
          [
            -8.633449,
            42.671075
          ],
          [
            -8.633431,
            42.671191
          ],
          [
            -8.633403,
            42.671292
          ],
          [
            -8.63337,
            42.671407
          ],
          [
            -8.633293,
            42.671608
          ],
          [
            -8.633227,
            42.671815
          ],
          [
            -8.633187,
            42.671922
          ],
          [
            -8.633176,
            42.672026
          ],
          [
            -8.63316,
            42.672102
          ],
          [
            -8.633121,
            42.672179
          ],
          [
            -8.633064,
            42.672321
          ],
          [
            -8.633019,
            42.672463
          ],
          [
            -8.633005,
            42.672644
          ],
          [
            -8.633008,
            42.672833
          ],
          [
            -8.633028,
            42.672942
          ],
          [
            -8.633064,
            42.672998
          ],
          [
            -8.633066,
            42.673
          ],
          [
            -8.633161,
            42.673098
          ],
          [
            -8.633224,
            42.673212
          ],
          [
            -8.63325,
            42.673328
          ],
          [
            -8.633252,
            42.673535
          ],
          [
            -8.633251,
            42.673757
          ],
          [
            -8.633253,
            42.673986
          ],
          [
            -8.633262,
            42.674171
          ],
          [
            -8.633286,
            42.674344
          ],
          [
            -8.63334,
            42.674508
          ],
          [
            -8.633438,
            42.67463
          ],
          [
            -8.63358,
            42.674738
          ],
          [
            -8.633784,
            42.674782
          ],
          [
            -8.634015,
            42.674803
          ],
          [
            -8.634225,
            42.674809
          ],
          [
            -8.6346,
            42.674835
          ],
          [
            -8.634893,
            42.674861
          ],
          [
            -8.635086,
            42.674898
          ],
          [
            -8.635327,
            42.674951
          ],
          [
            -8.635495,
            42.674978
          ],
          [
            -8.635645,
            42.675009
          ],
          [
            -8.635819,
            42.675062
          ],
          [
            -8.636022,
            42.675135
          ],
          [
            -8.636199,
            42.675216
          ],
          [
            -8.636416,
            42.675282
          ],
          [
            -8.63665,
            42.675334
          ],
          [
            -8.63692,
            42.675407
          ],
          [
            -8.637185,
            42.675484
          ],
          [
            -8.637339,
            42.675561
          ],
          [
            -8.637443,
            42.675627
          ],
          [
            -8.637526,
            42.675708
          ],
          [
            -8.637645,
            42.675813
          ],
          [
            -8.637786,
            42.675911
          ],
          [
            -8.637996,
            42.676025
          ],
          [
            -8.638298,
            42.676196
          ],
          [
            -8.638404,
            42.676247
          ],
          [
            -8.638673,
            42.676376
          ],
          [
            -8.638648,
            42.676534
          ],
          [
            -8.638626,
            42.676588
          ],
          [
            -8.638599,
            42.676639
          ],
          [
            -8.63855,
            42.676696
          ],
          [
            -8.638466,
            42.676772
          ],
          [
            -8.638379,
            42.676835
          ],
          [
            -8.638273,
            42.676907
          ],
          [
            -8.638177,
            42.676952
          ],
          [
            -8.638049,
            42.676983
          ],
          [
            -8.637925,
            42.677006
          ],
          [
            -8.637796,
            42.677039
          ],
          [
            -8.637654,
            42.677082
          ],
          [
            -8.637497,
            42.677134
          ],
          [
            -8.637376,
            42.677184
          ],
          [
            -8.637288,
            42.677233
          ],
          [
            -8.637213,
            42.677289
          ],
          [
            -8.637165,
            42.677346
          ],
          [
            -8.637131,
            42.677399
          ],
          [
            -8.637111,
            42.677466
          ],
          [
            -8.637096,
            42.677545
          ],
          [
            -8.6371,
            42.677609
          ],
          [
            -8.637116,
            42.677692
          ],
          [
            -8.637134,
            42.677775
          ],
          [
            -8.637129,
            42.677859
          ],
          [
            -8.637107,
            42.677961
          ],
          [
            -8.637078,
            42.678043
          ],
          [
            -8.637039,
            42.678132
          ],
          [
            -8.637002,
            42.678217
          ],
          [
            -8.636967,
            42.67833
          ],
          [
            -8.636949,
            42.67843
          ],
          [
            -8.636955,
            42.678523
          ],
          [
            -8.636981,
            42.678586
          ],
          [
            -8.637009,
            42.67863
          ],
          [
            -8.637041,
            42.678667
          ],
          [
            -8.637083,
            42.678704
          ],
          [
            -8.637136,
            42.678743
          ],
          [
            -8.637213,
            42.678779
          ],
          [
            -8.637362,
            42.678867
          ],
          [
            -8.637418,
            42.678908
          ],
          [
            -8.637399,
            42.678968
          ],
          [
            -8.637354,
            42.678999
          ],
          [
            -8.637246,
            42.679037
          ],
          [
            -8.637116,
            42.679067
          ],
          [
            -8.637147,
            42.679104
          ],
          [
            -8.637257,
            42.679138
          ],
          [
            -8.637381,
            42.679193
          ],
          [
            -8.637377,
            42.679222
          ],
          [
            -8.637354,
            42.67927
          ],
          [
            -8.637287,
            42.679334
          ],
          [
            -8.637198,
            42.6794
          ],
          [
            -8.637116,
            42.679464
          ],
          [
            -8.637073,
            42.679502
          ],
          [
            -8.637041,
            42.679544
          ],
          [
            -8.637004,
            42.679623
          ],
          [
            -8.636953,
            42.679733
          ],
          [
            -8.636884,
            42.679823
          ],
          [
            -8.636786,
            42.679958
          ],
          [
            -8.636654,
            42.680092
          ],
          [
            -8.636549,
            42.680215
          ],
          [
            -8.636447,
            42.680288
          ],
          [
            -8.636328,
            42.680329
          ],
          [
            -8.636222,
            42.680433
          ],
          [
            -8.636149,
            42.680545
          ],
          [
            -8.63611,
            42.680626
          ],
          [
            -8.636079,
            42.680714
          ],
          [
            -8.636098,
            42.680808
          ],
          [
            -8.636131,
            42.680898
          ],
          [
            -8.636161,
            42.68098
          ],
          [
            -8.636196,
            42.681054
          ],
          [
            -8.636286,
            42.68121
          ],
          [
            -8.636355,
            42.681294
          ],
          [
            -8.636415,
            42.681392
          ],
          [
            -8.636481,
            42.681538
          ],
          [
            -8.636544,
            42.681632
          ],
          [
            -8.636593,
            42.681714
          ],
          [
            -8.636651,
            42.6818
          ],
          [
            -8.636653,
            42.681859
          ],
          [
            -8.63665,
            42.681896
          ],
          [
            -8.636678,
            42.681966
          ],
          [
            -8.636724,
            42.682058
          ],
          [
            -8.636782,
            42.682127
          ],
          [
            -8.636902,
            42.682241
          ],
          [
            -8.636976,
            42.68232
          ],
          [
            -8.63703,
            42.6824
          ],
          [
            -8.637061,
            42.682476
          ],
          [
            -8.63707,
            42.682521
          ],
          [
            -8.637038,
            42.682585
          ],
          [
            -8.637041,
            42.682653
          ],
          [
            -8.637066,
            42.68276
          ],
          [
            -8.637087,
            42.682844
          ],
          [
            -8.63711,
            42.682917
          ],
          [
            -8.637104,
            42.683017
          ],
          [
            -8.637089,
            42.683098
          ],
          [
            -8.637042,
            42.683158
          ],
          [
            -8.636992,
            42.683212
          ],
          [
            -8.636922,
            42.683285
          ],
          [
            -8.636856,
            42.683347
          ],
          [
            -8.636782,
            42.683434
          ],
          [
            -8.636712,
            42.683523
          ],
          [
            -8.636687,
            42.683614
          ],
          [
            -8.636672,
            42.683666
          ],
          [
            -8.636662,
            42.683737
          ],
          [
            -8.636631,
            42.683837
          ],
          [
            -8.636606,
            42.683908
          ],
          [
            -8.636601,
            42.683979
          ],
          [
            -8.636601,
            42.684052
          ],
          [
            -8.636591,
            42.684108
          ],
          [
            -8.636572,
            42.684166
          ],
          [
            -8.636561,
            42.684214
          ],
          [
            -8.636547,
            42.684258
          ],
          [
            -8.636549,
            42.68429
          ],
          [
            -8.636584,
            42.684343
          ],
          [
            -8.636618,
            42.684404
          ],
          [
            -8.636633,
            42.684479
          ],
          [
            -8.636652,
            42.684558
          ],
          [
            -8.636695,
            42.684624
          ],
          [
            -8.636793,
            42.684805
          ],
          [
            -8.636875,
            42.684948
          ],
          [
            -8.636922,
            42.685054
          ],
          [
            -8.636941,
            42.685108
          ],
          [
            -8.636947,
            42.68517
          ],
          [
            -8.63696,
            42.685259
          ],
          [
            -8.637,
            42.685308
          ],
          [
            -8.637085,
            42.685347
          ],
          [
            -8.637192,
            42.685394
          ],
          [
            -8.637164,
            42.685449
          ],
          [
            -8.637131,
            42.685497
          ],
          [
            -8.637109,
            42.68557
          ],
          [
            -8.637084,
            42.685647
          ],
          [
            -8.63708,
            42.685728
          ],
          [
            -8.637107,
            42.685783
          ],
          [
            -8.637141,
            42.685852
          ],
          [
            -8.637184,
            42.685918
          ],
          [
            -8.637225,
            42.686007
          ],
          [
            -8.637282,
            42.686105
          ],
          [
            -8.637314,
            42.686258
          ],
          [
            -8.637365,
            42.686392
          ],
          [
            -8.637429,
            42.686486
          ],
          [
            -8.637483,
            42.686592
          ],
          [
            -8.637518,
            42.686859
          ],
          [
            -8.637684,
            42.686889
          ],
          [
            -8.637783,
            42.68703
          ],
          [
            -8.637651,
            42.687172
          ],
          [
            -8.637744,
            42.687454
          ],
          [
            -8.63774,
            42.687635
          ],
          [
            -8.637734,
            42.687799
          ],
          [
            -8.637673,
            42.687886
          ],
          [
            -8.63767,
            42.687966
          ],
          [
            -8.637656,
            42.688085
          ],
          [
            -8.637962,
            42.688232
          ],
          [
            -8.638268,
            42.688324
          ],
          [
            -8.63837,
            42.688418
          ],
          [
            -8.638339,
            42.688561
          ],
          [
            -8.638217,
            42.688716
          ],
          [
            -8.638091,
            42.688851
          ],
          [
            -8.638136,
            42.689082
          ],
          [
            -8.638159,
            42.689154
          ],
          [
            -8.638159,
            42.689244
          ],
          [
            -8.638146,
            42.689375
          ],
          [
            -8.638193,
            42.689509
          ],
          [
            -8.638243,
            42.689648
          ],
          [
            -8.63841,
            42.689821
          ],
          [
            -8.638532,
            42.689938
          ],
          [
            -8.638587,
            42.690017
          ],
          [
            -8.638565,
            42.690057
          ],
          [
            -8.638505,
            42.690112
          ],
          [
            -8.638497,
            42.690155
          ],
          [
            -8.638497,
            42.690193
          ],
          [
            -8.638525,
            42.690239
          ],
          [
            -8.638556,
            42.690284
          ],
          [
            -8.638597,
            42.690313
          ],
          [
            -8.638647,
            42.690351
          ],
          [
            -8.63872,
            42.690412
          ],
          [
            -8.638765,
            42.690473
          ],
          [
            -8.637615,
            42.690945
          ],
          [
            -8.637569,
            42.690988
          ],
          [
            -8.637568,
            42.691068
          ],
          [
            -8.637601,
            42.691291
          ],
          [
            -8.637609,
            42.691418
          ],
          [
            -8.637571,
            42.691622
          ],
          [
            -8.637485,
            42.6919
          ],
          [
            -8.637456,
            42.691955
          ],
          [
            -8.637409,
            42.692043
          ],
          [
            -8.63747,
            42.692206
          ],
          [
            -8.637511,
            42.692303
          ],
          [
            -8.63751,
            42.692395
          ],
          [
            -8.637506,
            42.692441
          ],
          [
            -8.637496,
            42.692514
          ],
          [
            -8.637471,
            42.692602
          ],
          [
            -8.637456,
            42.692684
          ],
          [
            -8.637478,
            42.692711
          ],
          [
            -8.637539,
            42.692752
          ],
          [
            -8.637637,
            42.692821
          ],
          [
            -8.637684,
            42.692859
          ],
          [
            -8.637726,
            42.69296
          ],
          [
            -8.637762,
            42.693079
          ],
          [
            -8.637786,
            42.693156
          ],
          [
            -8.637818,
            42.693209
          ],
          [
            -8.637855,
            42.693298
          ],
          [
            -8.637897,
            42.693362
          ],
          [
            -8.637909,
            42.693412
          ],
          [
            -8.637916,
            42.693458
          ],
          [
            -8.637953,
            42.693527
          ],
          [
            -8.638011,
            42.693635
          ],
          [
            -8.638064,
            42.693758
          ],
          [
            -8.638105,
            42.693874
          ],
          [
            -8.638158,
            42.694022
          ],
          [
            -8.63819,
            42.694237
          ],
          [
            -8.638237,
            42.694377
          ],
          [
            -8.638279,
            42.69451
          ],
          [
            -8.638232,
            42.694778
          ],
          [
            -8.638264,
            42.695137
          ],
          [
            -8.638297,
            42.6954
          ],
          [
            -8.638321,
            42.695685
          ],
          [
            -8.638358,
            42.695751
          ],
          [
            -8.638433,
            42.695831
          ],
          [
            -8.638464,
            42.695864
          ],
          [
            -8.638681,
            42.695973
          ],
          [
            -8.638877,
            42.696095
          ],
          [
            -8.639059,
            42.696265
          ],
          [
            -8.639242,
            42.696468
          ],
          [
            -8.639351,
            42.696597
          ],
          [
            -8.639352,
            42.696598
          ],
          [
            -8.639474,
            42.696605
          ],
          [
            -8.639564,
            42.696598
          ],
          [
            -8.639642,
            42.696571
          ],
          [
            -8.639746,
            42.696541
          ],
          [
            -8.639843,
            42.696519
          ],
          [
            -8.639926,
            42.696517
          ],
          [
            -8.640013,
            42.696533
          ],
          [
            -8.64011,
            42.696556
          ],
          [
            -8.64022,
            42.696588
          ],
          [
            -8.640312,
            42.696624
          ],
          [
            -8.640395,
            42.696662
          ],
          [
            -8.64047,
            42.696715
          ],
          [
            -8.640563,
            42.696785
          ],
          [
            -8.640615,
            42.696854
          ],
          [
            -8.64067,
            42.696939
          ],
          [
            -8.640751,
            42.697065
          ],
          [
            -8.640839,
            42.697226
          ],
          [
            -8.640904,
            42.697439
          ],
          [
            -8.640958,
            42.697642
          ],
          [
            -8.640983,
            42.697812
          ],
          [
            -8.640991,
            42.698029
          ],
          [
            -8.641015,
            42.698249
          ],
          [
            -8.641031,
            42.698414
          ],
          [
            -8.640988,
            42.698573
          ],
          [
            -8.640894,
            42.698756
          ],
          [
            -8.640812,
            42.698889
          ],
          [
            -8.640687,
            42.699028
          ],
          [
            -8.640612,
            42.699107
          ],
          [
            -8.640533,
            42.699161
          ],
          [
            -8.640437,
            42.699228
          ],
          [
            -8.640386,
            42.699278
          ],
          [
            -8.640283,
            42.699318
          ],
          [
            -8.640127,
            42.699367
          ],
          [
            -8.640053,
            42.699389
          ],
          [
            -8.640104,
            42.699513
          ],
          [
            -8.640205,
            42.699745
          ],
          [
            -8.640243,
            42.699874
          ],
          [
            -8.640215,
            42.699945
          ],
          [
            -8.640161,
            42.70006
          ],
          [
            -8.640173,
            42.70025
          ],
          [
            -8.640182,
            42.700329
          ],
          [
            -8.640185,
            42.700408
          ],
          [
            -8.640183,
            42.700479
          ],
          [
            -8.640179,
            42.700563
          ],
          [
            -8.640168,
            42.700628
          ],
          [
            -8.640149,
            42.70067
          ],
          [
            -8.640108,
            42.700799
          ],
          [
            -8.640071,
            42.700941
          ],
          [
            -8.640054,
            42.701032
          ],
          [
            -8.640106,
            42.701107
          ],
          [
            -8.640181,
            42.701195
          ],
          [
            -8.64028,
            42.701309
          ],
          [
            -8.640321,
            42.701343
          ],
          [
            -8.640378,
            42.70137
          ],
          [
            -8.640454,
            42.701375
          ],
          [
            -8.640539,
            42.70137
          ],
          [
            -8.640613,
            42.701369
          ],
          [
            -8.640652,
            42.70138
          ],
          [
            -8.640726,
            42.70141
          ],
          [
            -8.64078,
            42.701426
          ],
          [
            -8.640806,
            42.701458
          ],
          [
            -8.640847,
            42.701509
          ],
          [
            -8.640901,
            42.701566
          ],
          [
            -8.640953,
            42.701598
          ],
          [
            -8.641022,
            42.701622
          ],
          [
            -8.641114,
            42.701636
          ],
          [
            -8.641201,
            42.701641
          ],
          [
            -8.641319,
            42.701623
          ],
          [
            -8.64147,
            42.7016
          ],
          [
            -8.641543,
            42.701586
          ],
          [
            -8.641624,
            42.701562
          ],
          [
            -8.641746,
            42.701517
          ],
          [
            -8.641889,
            42.701477
          ],
          [
            -8.642012,
            42.701454
          ],
          [
            -8.642085,
            42.701508
          ],
          [
            -8.642133,
            42.701549
          ],
          [
            -8.642171,
            42.701682
          ],
          [
            -8.642224,
            42.701779
          ],
          [
            -8.642255,
            42.701821
          ],
          [
            -8.642293,
            42.701853
          ],
          [
            -8.642273,
            42.701941
          ],
          [
            -8.642129,
            42.702314
          ],
          [
            -8.642116,
            42.702442
          ],
          [
            -8.642088,
            42.702508
          ],
          [
            -8.64209,
            42.702598
          ],
          [
            -8.642129,
            42.702859
          ],
          [
            -8.642175,
            42.703096
          ],
          [
            -8.642192,
            42.703266
          ],
          [
            -8.642223,
            42.703576
          ],
          [
            -8.64227,
            42.703836
          ],
          [
            -8.642324,
            42.704047
          ],
          [
            -8.642393,
            42.704323
          ],
          [
            -8.642476,
            42.704494
          ],
          [
            -8.642473,
            42.704722
          ],
          [
            -8.642429,
            42.704904
          ],
          [
            -8.642378,
            42.705014
          ],
          [
            -8.642363,
            42.705092
          ],
          [
            -8.642405,
            42.705244
          ],
          [
            -8.642413,
            42.705316
          ],
          [
            -8.642421,
            42.705396
          ],
          [
            -8.642435,
            42.705497
          ],
          [
            -8.642453,
            42.705557
          ],
          [
            -8.642493,
            42.705584
          ],
          [
            -8.642575,
            42.705612
          ],
          [
            -8.642676,
            42.705647
          ],
          [
            -8.64276,
            42.70569
          ],
          [
            -8.642841,
            42.705752
          ],
          [
            -8.642896,
            42.705808
          ],
          [
            -8.642986,
            42.705867
          ],
          [
            -8.643101,
            42.705921
          ],
          [
            -8.643219,
            42.705947
          ],
          [
            -8.643363,
            42.705963
          ],
          [
            -8.643597,
            42.705968
          ],
          [
            -8.643771,
            42.705967
          ],
          [
            -8.643828,
            42.70597
          ],
          [
            -8.643892,
            42.70598
          ],
          [
            -8.643999,
            42.706
          ],
          [
            -8.644083,
            42.706027
          ],
          [
            -8.644139,
            42.706063
          ],
          [
            -8.644195,
            42.706092
          ],
          [
            -8.644271,
            42.706114
          ],
          [
            -8.644342,
            42.706135
          ],
          [
            -8.644393,
            42.706158
          ],
          [
            -8.644471,
            42.706217
          ],
          [
            -8.644551,
            42.706271
          ],
          [
            -8.644598,
            42.70633
          ],
          [
            -8.644615,
            42.706389
          ],
          [
            -8.644651,
            42.706463
          ],
          [
            -8.644676,
            42.706491
          ],
          [
            -8.644717,
            42.706515
          ],
          [
            -8.644764,
            42.706527
          ],
          [
            -8.644807,
            42.706527
          ],
          [
            -8.64486,
            42.706522
          ],
          [
            -8.644903,
            42.706513
          ],
          [
            -8.645006,
            42.706491
          ],
          [
            -8.645202,
            42.706464
          ],
          [
            -8.645332,
            42.706454
          ],
          [
            -8.645397,
            42.706457
          ],
          [
            -8.645543,
            42.706488
          ],
          [
            -8.645674,
            42.706513
          ],
          [
            -8.645752,
            42.706535
          ],
          [
            -8.645858,
            42.706564
          ],
          [
            -8.645929,
            42.706572
          ],
          [
            -8.645992,
            42.706585
          ],
          [
            -8.646086,
            42.70662
          ],
          [
            -8.646149,
            42.706644
          ],
          [
            -8.646271,
            42.706668
          ],
          [
            -8.646383,
            42.706685
          ],
          [
            -8.646507,
            42.706706
          ],
          [
            -8.646654,
            42.706731
          ],
          [
            -8.646894,
            42.706757
          ],
          [
            -8.64705,
            42.706764
          ],
          [
            -8.647244,
            42.70676
          ],
          [
            -8.647344,
            42.706755
          ],
          [
            -8.647436,
            42.706744
          ],
          [
            -8.647493,
            42.706744
          ],
          [
            -8.647494,
            42.706777
          ],
          [
            -8.647499,
            42.706924
          ],
          [
            -8.647489,
            42.707235
          ],
          [
            -8.647496,
            42.707327
          ],
          [
            -8.647544,
            42.70734
          ],
          [
            -8.647603,
            42.707345
          ],
          [
            -8.647541,
            42.707599
          ],
          [
            -8.6475,
            42.707738
          ],
          [
            -8.647464,
            42.70788
          ],
          [
            -8.64742,
            42.708058
          ],
          [
            -8.647351,
            42.708335
          ],
          [
            -8.647292,
            42.708579
          ],
          [
            -8.64722,
            42.708878
          ],
          [
            -8.647173,
            42.709068
          ],
          [
            -8.647155,
            42.709209
          ],
          [
            -8.647184,
            42.70936
          ],
          [
            -8.647295,
            42.709612
          ],
          [
            -8.64731,
            42.70979
          ],
          [
            -8.647302,
            42.710024
          ],
          [
            -8.647241,
            42.71057
          ],
          [
            -8.647175,
            42.710938
          ],
          [
            -8.647091,
            42.711357
          ],
          [
            -8.647064,
            42.711498
          ],
          [
            -8.64706,
            42.711719
          ],
          [
            -8.647109,
            42.712043
          ],
          [
            -8.647138,
            42.71227
          ],
          [
            -8.647157,
            42.712364
          ],
          [
            -8.647214,
            42.712662
          ],
          [
            -8.647248,
            42.712838
          ],
          [
            -8.64731,
            42.713023
          ],
          [
            -8.64737,
            42.713215
          ],
          [
            -8.647469,
            42.713489
          ],
          [
            -8.647556,
            42.713696
          ],
          [
            -8.64764,
            42.713839
          ],
          [
            -8.647693,
            42.713953
          ],
          [
            -8.647764,
            42.714111
          ],
          [
            -8.647851,
            42.714253
          ],
          [
            -8.648002,
            42.71459
          ],
          [
            -8.648127,
            42.714867
          ],
          [
            -8.648165,
            42.715026
          ],
          [
            -8.648217,
            42.715222
          ],
          [
            -8.648248,
            42.715329
          ],
          [
            -8.648269,
            42.715475
          ],
          [
            -8.648288,
            42.715572
          ],
          [
            -8.648339,
            42.715817
          ],
          [
            -8.648405,
            42.71614
          ],
          [
            -8.648427,
            42.716251
          ],
          [
            -8.648452,
            42.716317
          ],
          [
            -8.648612,
            42.716757
          ],
          [
            -8.648651,
            42.716893
          ],
          [
            -8.648665,
            42.716986
          ],
          [
            -8.648602,
            42.717378
          ],
          [
            -8.648564,
            42.717571
          ],
          [
            -8.648553,
            42.717623
          ],
          [
            -8.648553,
            42.717729
          ],
          [
            -8.648609,
            42.717863
          ],
          [
            -8.648727,
            42.718034
          ],
          [
            -8.648762,
            42.718108
          ],
          [
            -8.648779,
            42.718159
          ],
          [
            -8.648774,
            42.718209
          ],
          [
            -8.648771,
            42.718253
          ],
          [
            -8.648779,
            42.718273
          ],
          [
            -8.648815,
            42.718291
          ],
          [
            -8.64885,
            42.718324
          ],
          [
            -8.648956,
            42.718405
          ],
          [
            -8.649088,
            42.718465
          ],
          [
            -8.649142,
            42.718535
          ],
          [
            -8.649156,
            42.718606
          ],
          [
            -8.649145,
            42.718706
          ],
          [
            -8.649154,
            42.718801
          ],
          [
            -8.649205,
            42.718833
          ],
          [
            -8.649204,
            42.718887
          ],
          [
            -8.649181,
            42.718981
          ],
          [
            -8.649117,
            42.719135
          ],
          [
            -8.649108,
            42.719219
          ],
          [
            -8.649077,
            42.719304
          ],
          [
            -8.649033,
            42.719397
          ],
          [
            -8.648979,
            42.719512
          ],
          [
            -8.648929,
            42.719612
          ],
          [
            -8.648981,
            42.719664
          ],
          [
            -8.649107,
            42.71973
          ],
          [
            -8.649323,
            42.71979
          ],
          [
            -8.649446,
            42.719825
          ],
          [
            -8.649529,
            42.719881
          ],
          [
            -8.649561,
            42.71995
          ],
          [
            -8.649561,
            42.720009
          ],
          [
            -8.64955,
            42.720069
          ],
          [
            -8.649493,
            42.720195
          ],
          [
            -8.649564,
            42.72024
          ],
          [
            -8.649619,
            42.720272
          ],
          [
            -8.649697,
            42.720352
          ],
          [
            -8.649864,
            42.720463
          ],
          [
            -8.649904,
            42.72051
          ],
          [
            -8.649962,
            42.720578
          ],
          [
            -8.650051,
            42.720644
          ],
          [
            -8.650197,
            42.720767
          ],
          [
            -8.650258,
            42.720875
          ],
          [
            -8.650264,
            42.721029
          ],
          [
            -8.650245,
            42.721106
          ],
          [
            -8.650166,
            42.721414
          ],
          [
            -8.650102,
            42.721615
          ],
          [
            -8.650065,
            42.72172
          ],
          [
            -8.650005,
            42.721827
          ],
          [
            -8.649935,
            42.721957
          ],
          [
            -8.64987,
            42.722138
          ],
          [
            -8.649865,
            42.722262
          ],
          [
            -8.64994,
            42.722345
          ],
          [
            -8.650079,
            42.722568
          ],
          [
            -8.650143,
            42.722635
          ],
          [
            -8.650168,
            42.722709
          ],
          [
            -8.650176,
            42.72279
          ],
          [
            -8.650187,
            42.722898
          ],
          [
            -8.650226,
            42.722994
          ],
          [
            -8.650262,
            42.723081
          ],
          [
            -8.650333,
            42.723164
          ],
          [
            -8.650434,
            42.723251
          ],
          [
            -8.65049,
            42.723309
          ],
          [
            -8.650529,
            42.723433
          ],
          [
            -8.650563,
            42.723596
          ],
          [
            -8.650572,
            42.723687
          ],
          [
            -8.650558,
            42.723737
          ],
          [
            -8.65054,
            42.723795
          ],
          [
            -8.65052,
            42.723858
          ],
          [
            -8.650494,
            42.723901
          ],
          [
            -8.650465,
            42.723965
          ],
          [
            -8.65051,
            42.723998
          ],
          [
            -8.650584,
            42.724037
          ],
          [
            -8.650509,
            42.724305
          ],
          [
            -8.650493,
            42.724412
          ],
          [
            -8.650487,
            42.724506
          ],
          [
            -8.65049,
            42.724611
          ],
          [
            -8.650475,
            42.72467
          ],
          [
            -8.650458,
            42.724778
          ],
          [
            -8.65043,
            42.724851
          ],
          [
            -8.650425,
            42.724973
          ],
          [
            -8.65043,
            42.725086
          ],
          [
            -8.650425,
            42.725165
          ],
          [
            -8.650414,
            42.72524
          ],
          [
            -8.650418,
            42.725293
          ],
          [
            -8.650447,
            42.725334
          ],
          [
            -8.650503,
            42.725389
          ],
          [
            -8.650541,
            42.725422
          ],
          [
            -8.650547,
            42.725483
          ],
          [
            -8.650537,
            42.725605
          ],
          [
            -8.650547,
            42.725688
          ],
          [
            -8.650583,
            42.725734
          ],
          [
            -8.650646,
            42.725781
          ],
          [
            -8.650691,
            42.725839
          ],
          [
            -8.650743,
            42.725964
          ],
          [
            -8.650848,
            42.726094
          ],
          [
            -8.650895,
            42.726114
          ],
          [
            -8.650941,
            42.72611
          ],
          [
            -8.651011,
            42.726089
          ],
          [
            -8.651165,
            42.726042
          ],
          [
            -8.651345,
            42.725987
          ],
          [
            -8.651484,
            42.725919
          ],
          [
            -8.651621,
            42.725864
          ],
          [
            -8.651851,
            42.725827
          ],
          [
            -8.652128,
            42.725783
          ],
          [
            -8.652391,
            42.725726
          ],
          [
            -8.652399,
            42.725617
          ],
          [
            -8.6524,
            42.725513
          ],
          [
            -8.652365,
            42.725433
          ],
          [
            -8.6524,
            42.725433
          ],
          [
            -8.652481,
            42.725433
          ],
          [
            -8.652573,
            42.725437
          ],
          [
            -8.652656,
            42.725445
          ],
          [
            -8.652721,
            42.725453
          ],
          [
            -8.652837,
            42.72548
          ],
          [
            -8.652959,
            42.725508
          ],
          [
            -8.653026,
            42.725529
          ],
          [
            -8.653157,
            42.725537
          ],
          [
            -8.65328,
            42.725534
          ],
          [
            -8.653428,
            42.725523
          ],
          [
            -8.653528,
            42.725515
          ],
          [
            -8.653533,
            42.725493
          ],
          [
            -8.653535,
            42.725493
          ],
          [
            -8.65362,
            42.72548
          ],
          [
            -8.653683,
            42.725485
          ],
          [
            -8.653802,
            42.725485
          ],
          [
            -8.653907,
            42.72548
          ],
          [
            -8.653914,
            42.725524
          ],
          [
            -8.653944,
            42.725552
          ],
          [
            -8.653989,
            42.725557
          ],
          [
            -8.654153,
            42.725541
          ],
          [
            -8.654657,
            42.725498
          ],
          [
            -8.655118,
            42.725454
          ],
          [
            -8.655489,
            42.725425
          ],
          [
            -8.65548,
            42.725384
          ],
          [
            -8.655645,
            42.725384
          ],
          [
            -8.655673,
            42.725421
          ],
          [
            -8.655828,
            42.725478
          ],
          [
            -8.6559,
            42.725478
          ],
          [
            -8.65597,
            42.725465
          ],
          [
            -8.65604,
            42.725421
          ],
          [
            -8.656126,
            42.725445
          ],
          [
            -8.65621,
            42.725466
          ],
          [
            -8.656183,
            42.725521
          ],
          [
            -8.656141,
            42.725595
          ],
          [
            -8.656149,
            42.725626
          ],
          [
            -8.656358,
            42.725681
          ],
          [
            -8.656654,
            42.725766
          ],
          [
            -8.657024,
            42.725872
          ],
          [
            -8.657259,
            42.725944
          ],
          [
            -8.657416,
            42.725976
          ],
          [
            -8.657609,
            42.726005
          ],
          [
            -8.657675,
            42.726026
          ],
          [
            -8.657771,
            42.72607
          ],
          [
            -8.657914,
            42.726147
          ],
          [
            -8.65803,
            42.726209
          ],
          [
            -8.658332,
            42.726321
          ],
          [
            -8.658454,
            42.726383
          ],
          [
            -8.65846,
            42.72647
          ],
          [
            -8.658442,
            42.726569
          ],
          [
            -8.65842,
            42.726713
          ],
          [
            -8.658532,
            42.726748
          ],
          [
            -8.658871,
            42.726809
          ],
          [
            -8.659089,
            42.726848
          ],
          [
            -8.659333,
            42.726882
          ],
          [
            -8.659464,
            42.726892
          ],
          [
            -8.6596,
            42.726892
          ],
          [
            -8.659688,
            42.726907
          ],
          [
            -8.659745,
            42.726929
          ],
          [
            -8.659767,
            42.726956
          ],
          [
            -8.659789,
            42.727033
          ],
          [
            -8.659811,
            42.727083
          ],
          [
            -8.659865,
            42.727126
          ],
          [
            -8.659945,
            42.727165
          ],
          [
            -8.660069,
            42.727201
          ],
          [
            -8.660239,
            42.727239
          ],
          [
            -8.660377,
            42.727255
          ],
          [
            -8.660472,
            42.727256
          ],
          [
            -8.660536,
            42.727246
          ],
          [
            -8.660594,
            42.727228
          ],
          [
            -8.660651,
            42.727205
          ],
          [
            -8.66072,
            42.727166
          ],
          [
            -8.660806,
            42.727125
          ],
          [
            -8.660873,
            42.727093
          ],
          [
            -8.660929,
            42.727077
          ],
          [
            -8.661033,
            42.727063
          ],
          [
            -8.661126,
            42.727059
          ],
          [
            -8.661203,
            42.727063
          ],
          [
            -8.661284,
            42.727074
          ],
          [
            -8.661339,
            42.727081
          ],
          [
            -8.661233,
            42.727458
          ],
          [
            -8.661119,
            42.727918
          ],
          [
            -8.661079,
            42.728187
          ],
          [
            -8.661028,
            42.728534
          ],
          [
            -8.660994,
            42.728914
          ],
          [
            -8.660964,
            42.729354
          ],
          [
            -8.66094,
            42.729688
          ],
          [
            -8.660924,
            42.730107
          ],
          [
            -8.66094,
            42.730451
          ],
          [
            -8.660973,
            42.730919
          ],
          [
            -8.661078,
            42.73137
          ],
          [
            -8.6613,
            42.732163
          ],
          [
            -8.661363,
            42.732478
          ],
          [
            -8.661448,
            42.73292
          ],
          [
            -8.661521,
            42.733233
          ],
          [
            -8.661597,
            42.733633
          ],
          [
            -8.661628,
            42.733893
          ],
          [
            -8.661653,
            42.734102
          ],
          [
            -8.661664,
            42.734872
          ],
          [
            -8.661643,
            42.73496
          ],
          [
            -8.661623,
            42.735306
          ],
          [
            -8.661554,
            42.73531
          ],
          [
            -8.661546,
            42.735363
          ],
          [
            -8.661533,
            42.736745
          ],
          [
            -8.661681,
            42.736765
          ],
          [
            -8.661758,
            42.738898
          ],
          [
            -8.661597,
            42.738912
          ],
          [
            -8.661453,
            42.739021
          ],
          [
            -8.661438,
            42.739038
          ],
          [
            -8.661352,
            42.739064
          ],
          [
            -8.661348,
            42.739151
          ],
          [
            -8.661348,
            42.739275
          ],
          [
            -8.661342,
            42.739414
          ],
          [
            -8.661349,
            42.73951
          ],
          [
            -8.661299,
            42.739755
          ],
          [
            -8.661251,
            42.739768
          ],
          [
            -8.661153,
            42.739781
          ],
          [
            -8.660971,
            42.739775
          ],
          [
            -8.660881,
            42.739781
          ],
          [
            -8.660786,
            42.739802
          ],
          [
            -8.660709,
            42.739832
          ],
          [
            -8.660633,
            42.739912
          ],
          [
            -8.660574,
            42.739974
          ],
          [
            -8.66052,
            42.739985
          ],
          [
            -8.660433,
            42.739982
          ],
          [
            -8.660241,
            42.739963
          ],
          [
            -8.660144,
            42.740228
          ],
          [
            -8.660117,
            42.740294
          ],
          [
            -8.660084,
            42.740337
          ],
          [
            -8.659993,
            42.740445
          ],
          [
            -8.659945,
            42.740543
          ],
          [
            -8.659799,
            42.740707
          ],
          [
            -8.659692,
            42.740861
          ],
          [
            -8.659627,
            42.740962
          ],
          [
            -8.659509,
            42.741176
          ],
          [
            -8.659448,
            42.741344
          ],
          [
            -8.659362,
            42.741596
          ],
          [
            -8.659239,
            42.741818
          ],
          [
            -8.659133,
            42.741925
          ],
          [
            -8.659011,
            42.74204
          ],
          [
            -8.658882,
            42.742139
          ],
          [
            -8.658639,
            42.742393
          ],
          [
            -8.658341,
            42.742763
          ],
          [
            -8.658199,
            42.742935
          ],
          [
            -8.658071,
            42.743039
          ],
          [
            -8.657758,
            42.74327
          ],
          [
            -8.657608,
            42.743374
          ],
          [
            -8.657511,
            42.743505
          ],
          [
            -8.657451,
            42.743623
          ],
          [
            -8.65726,
            42.744083
          ],
          [
            -8.657192,
            42.744227
          ],
          [
            -8.657148,
            42.744321
          ],
          [
            -8.65708,
            42.744365
          ],
          [
            -8.657006,
            42.744402
          ],
          [
            -8.656884,
            42.74445
          ],
          [
            -8.656609,
            42.744557
          ],
          [
            -8.656563,
            42.744585
          ],
          [
            -8.656506,
            42.744619
          ],
          [
            -8.656442,
            42.744666
          ],
          [
            -8.656406,
            42.744739
          ],
          [
            -8.656389,
            42.744735
          ],
          [
            -8.656283,
            42.744702
          ],
          [
            -8.656206,
            42.744759
          ],
          [
            -8.656122,
            42.744805
          ],
          [
            -8.656048,
            42.744837
          ],
          [
            -8.655962,
            42.744886
          ],
          [
            -8.655868,
            42.744945
          ],
          [
            -8.655758,
            42.745031
          ],
          [
            -8.655643,
            42.745108
          ],
          [
            -8.655489,
            42.745178
          ],
          [
            -8.655348,
            42.745244
          ],
          [
            -8.655241,
            42.74534
          ],
          [
            -8.655047,
            42.745447
          ],
          [
            -8.654887,
            42.745509
          ],
          [
            -8.654741,
            42.745548
          ],
          [
            -8.654626,
            42.74558
          ],
          [
            -8.654449,
            42.74559
          ],
          [
            -8.654232,
            42.745602
          ],
          [
            -8.654061,
            42.745615
          ],
          [
            -8.653962,
            42.745641
          ],
          [
            -8.653835,
            42.745695
          ],
          [
            -8.653688,
            42.745765
          ],
          [
            -8.653579,
            42.745828
          ],
          [
            -8.65341,
            42.745971
          ],
          [
            -8.653329,
            42.746047
          ],
          [
            -8.653233,
            42.746185
          ],
          [
            -8.653139,
            42.746299
          ],
          [
            -8.653064,
            42.746419
          ],
          [
            -8.653002,
            42.74649
          ],
          [
            -8.652949,
            42.746568
          ],
          [
            -8.652915,
            42.74664
          ],
          [
            -8.652877,
            42.746719
          ],
          [
            -8.65283,
            42.74677
          ],
          [
            -8.652788,
            42.746853
          ],
          [
            -8.652778,
            42.747019
          ],
          [
            -8.652779,
            42.747123
          ],
          [
            -8.652795,
            42.747225
          ],
          [
            -8.652818,
            42.747313
          ],
          [
            -8.652825,
            42.747396
          ],
          [
            -8.652809,
            42.747455
          ],
          [
            -8.65278,
            42.747519
          ],
          [
            -8.652729,
            42.747605
          ],
          [
            -8.652686,
            42.747682
          ],
          [
            -8.652535,
            42.747939
          ],
          [
            -8.652477,
            42.748053
          ],
          [
            -8.652361,
            42.748218
          ],
          [
            -8.652298,
            42.748318
          ],
          [
            -8.652273,
            42.748396
          ],
          [
            -8.652277,
            42.748458
          ],
          [
            -8.652298,
            42.74856
          ],
          [
            -8.652311,
            42.748668
          ],
          [
            -8.652321,
            42.748753
          ],
          [
            -8.652338,
            42.74882
          ],
          [
            -8.652433,
            42.748855
          ],
          [
            -8.652565,
            42.748862
          ],
          [
            -8.652853,
            42.748865
          ],
          [
            -8.653339,
            42.748866
          ],
          [
            -8.653488,
            42.74887
          ],
          [
            -8.653563,
            42.748887
          ],
          [
            -8.653677,
            42.748911
          ],
          [
            -8.653779,
            42.748918
          ],
          [
            -8.654156,
            42.748915
          ],
          [
            -8.654347,
            42.748912
          ],
          [
            -8.654544,
            42.748911
          ],
          [
            -8.65443,
            42.749253
          ],
          [
            -8.654289,
            42.749628
          ],
          [
            -8.653953,
            42.75053
          ],
          [
            -8.653782,
            42.750953
          ],
          [
            -8.653637,
            42.751357
          ],
          [
            -8.653512,
            42.751576
          ],
          [
            -8.653435,
            42.751766
          ],
          [
            -8.653641,
            42.751833
          ],
          [
            -8.653637,
            42.751855
          ],
          [
            -8.653507,
            42.752096
          ],
          [
            -8.653439,
            42.752177
          ],
          [
            -8.653348,
            42.75237
          ],
          [
            -8.653284,
            42.752519
          ],
          [
            -8.653172,
            42.752781
          ],
          [
            -8.653102,
            42.752938
          ],
          [
            -8.65304,
            42.753087
          ],
          [
            -8.652989,
            42.753233
          ],
          [
            -8.652869,
            42.753541
          ],
          [
            -8.652776,
            42.753786
          ],
          [
            -8.652853,
            42.753833
          ],
          [
            -8.652855,
            42.75391
          ],
          [
            -8.652922,
            42.754005
          ],
          [
            -8.65293,
            42.754064
          ],
          [
            -8.652866,
            42.754136
          ],
          [
            -8.652753,
            42.754171
          ],
          [
            -8.65266,
            42.754263
          ],
          [
            -8.652541,
            42.754445
          ],
          [
            -8.652409,
            42.75477
          ],
          [
            -8.652324,
            42.754973
          ],
          [
            -8.652218,
            42.755272
          ],
          [
            -8.652135,
            42.755478
          ],
          [
            -8.652102,
            42.755581
          ],
          [
            -8.652062,
            42.755709
          ],
          [
            -8.65207,
            42.755799
          ],
          [
            -8.65209,
            42.755864
          ],
          [
            -8.652151,
            42.755921
          ],
          [
            -8.652226,
            42.755958
          ],
          [
            -8.652336,
            42.755993
          ],
          [
            -8.652322,
            42.756101
          ],
          [
            -8.652205,
            42.756136
          ],
          [
            -8.652042,
            42.756225
          ],
          [
            -8.651905,
            42.756325
          ],
          [
            -8.651793,
            42.756429
          ],
          [
            -8.651681,
            42.75663
          ],
          [
            -8.651589,
            42.756926
          ],
          [
            -8.65153,
            42.757131
          ],
          [
            -8.651487,
            42.757288
          ],
          [
            -8.651461,
            42.757409
          ],
          [
            -8.651444,
            42.757506
          ],
          [
            -8.651505,
            42.757549
          ],
          [
            -8.651414,
            42.757954
          ],
          [
            -8.651386,
            42.758178
          ],
          [
            -8.651339,
            42.758534
          ],
          [
            -8.651316,
            42.758775
          ],
          [
            -8.6513,
            42.758917
          ],
          [
            -8.651297,
            42.759007
          ],
          [
            -8.651279,
            42.759197
          ],
          [
            -8.651275,
            42.759331
          ],
          [
            -8.651279,
            42.759588
          ],
          [
            -8.651291,
            42.759788
          ],
          [
            -8.651303,
            42.759947
          ],
          [
            -8.651567,
            42.75997
          ],
          [
            -8.6522,
            42.76002
          ],
          [
            -8.652851,
            42.760059
          ],
          [
            -8.653228,
            42.76009
          ],
          [
            -8.653442,
            42.760096
          ],
          [
            -8.653475,
            42.760218
          ],
          [
            -8.653517,
            42.760526
          ],
          [
            -8.65354,
            42.760682
          ],
          [
            -8.653592,
            42.761074
          ],
          [
            -8.653639,
            42.761368
          ],
          [
            -8.653709,
            42.761641
          ],
          [
            -8.653773,
            42.761907
          ],
          [
            -8.65381,
            42.762057
          ],
          [
            -8.653788,
            42.762158
          ],
          [
            -8.653771,
            42.762281
          ],
          [
            -8.653767,
            42.762462
          ],
          [
            -8.653748,
            42.762593
          ],
          [
            -8.653712,
            42.762738
          ],
          [
            -8.653676,
            42.762843
          ],
          [
            -8.653649,
            42.762892
          ],
          [
            -8.653982,
            42.763086
          ],
          [
            -8.654253,
            42.763239
          ],
          [
            -8.654229,
            42.763267
          ],
          [
            -8.654329,
            42.763341
          ],
          [
            -8.654388,
            42.76339
          ],
          [
            -8.654403,
            42.763485
          ],
          [
            -8.654424,
            42.763535
          ],
          [
            -8.654444,
            42.763585
          ],
          [
            -8.654456,
            42.763683
          ],
          [
            -8.654473,
            42.763759
          ],
          [
            -8.654484,
            42.76382
          ],
          [
            -8.654502,
            42.763881
          ],
          [
            -8.654518,
            42.763913
          ],
          [
            -8.654539,
            42.763946
          ],
          [
            -8.654566,
            42.763977
          ],
          [
            -8.654607,
            42.764012
          ],
          [
            -8.654629,
            42.764035
          ],
          [
            -8.654636,
            42.76406
          ],
          [
            -8.654635,
            42.764092
          ],
          [
            -8.654634,
            42.764131
          ],
          [
            -8.654665,
            42.764146
          ],
          [
            -8.654742,
            42.764163
          ],
          [
            -8.654842,
            42.764181
          ],
          [
            -8.654842,
            42.764195
          ],
          [
            -8.65484,
            42.764224
          ],
          [
            -8.654831,
            42.764256
          ],
          [
            -8.654853,
            42.764275
          ],
          [
            -8.654866,
            42.764299
          ],
          [
            -8.654865,
            42.764384
          ],
          [
            -8.654878,
            42.764416
          ],
          [
            -8.654931,
            42.764465
          ],
          [
            -8.654957,
            42.764507
          ],
          [
            -8.65496,
            42.764562
          ],
          [
            -8.655028,
            42.764601
          ],
          [
            -8.655116,
            42.764651
          ],
          [
            -8.655206,
            42.764694
          ],
          [
            -8.655258,
            42.76471
          ],
          [
            -8.655315,
            42.764758
          ],
          [
            -8.655352,
            42.764811
          ],
          [
            -8.655387,
            42.76486
          ],
          [
            -8.655404,
            42.764908
          ],
          [
            -8.655419,
            42.764959
          ],
          [
            -8.655417,
            42.765042
          ],
          [
            -8.655422,
            42.765078
          ],
          [
            -8.655408,
            42.765109
          ],
          [
            -8.655389,
            42.765149
          ],
          [
            -8.655377,
            42.765204
          ],
          [
            -8.655378,
            42.765244
          ],
          [
            -8.655363,
            42.765294
          ],
          [
            -8.655347,
            42.765338
          ],
          [
            -8.655313,
            42.765344
          ],
          [
            -8.655244,
            42.765347
          ],
          [
            -8.655194,
            42.765351
          ],
          [
            -8.655124,
            42.765352
          ],
          [
            -8.655101,
            42.765413
          ],
          [
            -8.65509,
            42.765494
          ],
          [
            -8.655091,
            42.765529
          ],
          [
            -8.655066,
            42.765583
          ],
          [
            -8.65504,
            42.765622
          ],
          [
            -8.655,
            42.765632
          ],
          [
            -8.654894,
            42.765639
          ],
          [
            -8.6548,
            42.765646
          ],
          [
            -8.654702,
            42.76566
          ],
          [
            -8.654641,
            42.765678
          ],
          [
            -8.654571,
            42.765705
          ],
          [
            -8.65448,
            42.765744
          ],
          [
            -8.654384,
            42.765777
          ],
          [
            -8.654287,
            42.765813
          ],
          [
            -8.654223,
            42.765869
          ],
          [
            -8.654203,
            42.765916
          ],
          [
            -8.654175,
            42.766056
          ],
          [
            -8.654163,
            42.766114
          ],
          [
            -8.654159,
            42.766191
          ],
          [
            -8.654156,
            42.766283
          ],
          [
            -8.654152,
            42.766377
          ],
          [
            -8.654161,
            42.766427
          ],
          [
            -8.654173,
            42.766459
          ],
          [
            -8.654221,
            42.766521
          ],
          [
            -8.654267,
            42.766543
          ],
          [
            -8.654288,
            42.766543
          ],
          [
            -8.654354,
            42.76654
          ],
          [
            -8.654419,
            42.766531
          ],
          [
            -8.654491,
            42.76652
          ],
          [
            -8.654595,
            42.766517
          ],
          [
            -8.654717,
            42.766545
          ],
          [
            -8.654803,
            42.766567
          ],
          [
            -8.654901,
            42.766605
          ],
          [
            -8.655003,
            42.766645
          ],
          [
            -8.655056,
            42.76667
          ],
          [
            -8.655108,
            42.766705
          ],
          [
            -8.655231,
            42.766806
          ],
          [
            -8.655307,
            42.766888
          ],
          [
            -8.655361,
            42.766922
          ],
          [
            -8.655441,
            42.766959
          ],
          [
            -8.655451,
            42.766994
          ],
          [
            -8.654723,
            42.767948
          ],
          [
            -8.654323,
            42.768476
          ],
          [
            -8.653952,
            42.76898
          ],
          [
            -8.653675,
            42.769343
          ],
          [
            -8.653576,
            42.769471
          ],
          [
            -8.653487,
            42.769571
          ],
          [
            -8.653358,
            42.769675
          ],
          [
            -8.653218,
            42.76977
          ],
          [
            -8.653124,
            42.769845
          ],
          [
            -8.65311,
            42.769881
          ],
          [
            -8.653116,
            42.769915
          ],
          [
            -8.653212,
            42.76999
          ],
          [
            -8.653395,
            42.770105
          ],
          [
            -8.653555,
            42.770218
          ],
          [
            -8.653623,
            42.770247
          ],
          [
            -8.653634,
            42.770276
          ],
          [
            -8.653625,
            42.770313
          ],
          [
            -8.65365,
            42.770334
          ],
          [
            -8.653675,
            42.770366
          ],
          [
            -8.653695,
            42.770406
          ],
          [
            -8.65372,
            42.770456
          ],
          [
            -8.653783,
            42.770462
          ],
          [
            -8.653847,
            42.770458
          ],
          [
            -8.653918,
            42.770423
          ],
          [
            -8.653989,
            42.770383
          ],
          [
            -8.654093,
            42.770378
          ],
          [
            -8.654204,
            42.770372
          ],
          [
            -8.654246,
            42.770387
          ],
          [
            -8.65426,
            42.770445
          ],
          [
            -8.654341,
            42.770615
          ],
          [
            -8.654376,
            42.770692
          ],
          [
            -8.654424,
            42.770759
          ],
          [
            -8.654495,
            42.770883
          ],
          [
            -8.654522,
            42.770956
          ],
          [
            -8.654573,
            42.77109
          ],
          [
            -8.65459,
            42.771184
          ],
          [
            -8.654588,
            42.771222
          ],
          [
            -8.654579,
            42.771245
          ],
          [
            -8.654554,
            42.77126
          ],
          [
            -8.654503,
            42.771262
          ],
          [
            -8.65442,
            42.771258
          ],
          [
            -8.65428,
            42.771244
          ],
          [
            -8.654188,
            42.771243
          ],
          [
            -8.654161,
            42.771255
          ],
          [
            -8.654134,
            42.771272
          ],
          [
            -8.654118,
            42.771291
          ],
          [
            -8.654025,
            42.771748
          ],
          [
            -8.653972,
            42.771977
          ],
          [
            -8.653833,
            42.772691
          ],
          [
            -8.653735,
            42.77312
          ],
          [
            -8.653645,
            42.773548
          ],
          [
            -8.653587,
            42.773818
          ],
          [
            -8.653567,
            42.773866
          ],
          [
            -8.653846,
            42.773917
          ],
          [
            -8.654083,
            42.773955
          ],
          [
            -8.6541,
            42.77398
          ],
          [
            -8.653921,
            42.77522
          ],
          [
            -8.65379,
            42.776031
          ],
          [
            -8.653821,
            42.776129
          ],
          [
            -8.653777,
            42.776202
          ],
          [
            -8.653744,
            42.77628
          ],
          [
            -8.653716,
            42.776335
          ],
          [
            -8.653688,
            42.776413
          ],
          [
            -8.653619,
            42.776502
          ],
          [
            -8.653603,
            42.776554
          ],
          [
            -8.653615,
            42.776674
          ],
          [
            -8.653609,
            42.776757
          ],
          [
            -8.653611,
            42.77683
          ],
          [
            -8.653631,
            42.776904
          ],
          [
            -8.653745,
            42.777213
          ],
          [
            -8.653866,
            42.777262
          ],
          [
            -8.654014,
            42.777401
          ],
          [
            -8.653917,
            42.77746
          ],
          [
            -8.653845,
            42.777517
          ],
          [
            -8.653771,
            42.777613
          ],
          [
            -8.653638,
            42.77779
          ],
          [
            -8.653574,
            42.777847
          ],
          [
            -8.65352,
            42.777902
          ],
          [
            -8.653494,
            42.777978
          ],
          [
            -8.653458,
            42.778102
          ],
          [
            -8.653482,
            42.778209
          ],
          [
            -8.65355,
            42.778353
          ],
          [
            -8.653574,
            42.778465
          ],
          [
            -8.653585,
            42.778558
          ],
          [
            -8.65356,
            42.778725
          ],
          [
            -8.653491,
            42.778802
          ],
          [
            -8.65335,
            42.778887
          ],
          [
            -8.653302,
            42.77892
          ],
          [
            -8.653181,
            42.779002
          ],
          [
            -8.652977,
            42.779141
          ],
          [
            -8.652738,
            42.779303
          ],
          [
            -8.652662,
            42.77937
          ],
          [
            -8.652385,
            42.779629
          ],
          [
            -8.652262,
            42.779718
          ],
          [
            -8.652174,
            42.779759
          ],
          [
            -8.652091,
            42.779833
          ],
          [
            -8.652027,
            42.779897
          ],
          [
            -8.651924,
            42.779993
          ],
          [
            -8.651821,
            42.780026
          ],
          [
            -8.651744,
            42.780036
          ],
          [
            -8.651604,
            42.780054
          ],
          [
            -8.651478,
            42.78008
          ],
          [
            -8.651322,
            42.78013
          ],
          [
            -8.651061,
            42.780223
          ],
          [
            -8.65096,
            42.780681
          ],
          [
            -8.650888,
            42.780672
          ],
          [
            -8.650773,
            42.781225
          ],
          [
            -8.650593,
            42.782032
          ],
          [
            -8.650527,
            42.78231
          ],
          [
            -8.650372,
            42.782981
          ],
          [
            -8.650259,
            42.783474
          ],
          [
            -8.650134,
            42.784031
          ],
          [
            -8.650116,
            42.784096
          ],
          [
            -8.650093,
            42.784161
          ],
          [
            -8.650076,
            42.784208
          ],
          [
            -8.650006,
            42.784356
          ],
          [
            -8.649931,
            42.784513
          ],
          [
            -8.649868,
            42.784654
          ],
          [
            -8.6498,
            42.784648
          ],
          [
            -8.649519,
            42.784605
          ],
          [
            -8.64945,
            42.784617
          ],
          [
            -8.649393,
            42.784662
          ],
          [
            -8.649314,
            42.784724
          ],
          [
            -8.649187,
            42.784808
          ],
          [
            -8.649057,
            42.78489
          ],
          [
            -8.648967,
            42.784969
          ],
          [
            -8.648906,
            42.785039
          ],
          [
            -8.648872,
            42.785106
          ],
          [
            -8.648808,
            42.785229
          ],
          [
            -8.648749,
            42.785362
          ],
          [
            -8.648675,
            42.785439
          ],
          [
            -8.648604,
            42.785496
          ],
          [
            -8.648492,
            42.785547
          ],
          [
            -8.648379,
            42.78561
          ],
          [
            -8.648049,
            42.785846
          ],
          [
            -8.647902,
            42.785946
          ],
          [
            -8.647803,
            42.786026
          ],
          [
            -8.647795,
            42.786063
          ],
          [
            -8.6478,
            42.786194
          ],
          [
            -8.647809,
            42.786271
          ],
          [
            -8.647822,
            42.786331
          ],
          [
            -8.647856,
            42.786398
          ],
          [
            -8.647904,
            42.786442
          ],
          [
            -8.647953,
            42.786493
          ],
          [
            -8.647973,
            42.786609
          ],
          [
            -8.647975,
            42.786712
          ],
          [
            -8.647981,
            42.786765
          ],
          [
            -8.648049,
            42.786834
          ],
          [
            -8.648138,
            42.786949
          ],
          [
            -8.648082,
            42.787012
          ],
          [
            -8.647964,
            42.787179
          ],
          [
            -8.6479,
            42.787269
          ],
          [
            -8.647829,
            42.78738
          ],
          [
            -8.647757,
            42.78743
          ],
          [
            -8.647732,
            42.787866
          ],
          [
            -8.647727,
            42.788037
          ],
          [
            -8.647737,
            42.788111
          ],
          [
            -8.647634,
            42.788108
          ],
          [
            -8.647426,
            42.788069
          ],
          [
            -8.647208,
            42.788033
          ],
          [
            -8.647122,
            42.788344
          ],
          [
            -8.647022,
            42.788659
          ],
          [
            -8.646886,
            42.789112
          ],
          [
            -8.646769,
            42.789484
          ],
          [
            -8.646691,
            42.789738
          ],
          [
            -8.646661,
            42.789831
          ],
          [
            -8.646642,
            42.789873
          ],
          [
            -8.646624,
            42.789898
          ],
          [
            -8.646603,
            42.789917
          ],
          [
            -8.646571,
            42.789935
          ],
          [
            -8.646541,
            42.789938
          ],
          [
            -8.646492,
            42.789933
          ],
          [
            -8.646446,
            42.789923
          ],
          [
            -8.646375,
            42.789902
          ],
          [
            -8.646309,
            42.789882
          ],
          [
            -8.646213,
            42.789866
          ],
          [
            -8.646094,
            42.789849
          ],
          [
            -8.64601,
            42.789849
          ],
          [
            -8.64592,
            42.789867
          ],
          [
            -8.6458,
            42.789901
          ],
          [
            -8.645693,
            42.78994
          ],
          [
            -8.645579,
            42.789968
          ],
          [
            -8.645476,
            42.790002
          ],
          [
            -8.645357,
            42.790029
          ],
          [
            -8.64525,
            42.790041
          ],
          [
            -8.64516,
            42.790048
          ],
          [
            -8.645049,
            42.790052
          ],
          [
            -8.644965,
            42.790051
          ],
          [
            -8.644892,
            42.790044
          ],
          [
            -8.64489,
            42.790065
          ],
          [
            -8.644899,
            42.790117
          ],
          [
            -8.644928,
            42.790206
          ],
          [
            -8.644954,
            42.790274
          ],
          [
            -8.644959,
            42.790323
          ],
          [
            -8.644939,
            42.790385
          ],
          [
            -8.644915,
            42.790434
          ],
          [
            -8.644886,
            42.790497
          ],
          [
            -8.64486,
            42.790582
          ],
          [
            -8.644846,
            42.790705
          ],
          [
            -8.644851,
            42.790922
          ],
          [
            -8.644858,
            42.791192
          ],
          [
            -8.644847,
            42.791397
          ],
          [
            -8.644831,
            42.791517
          ],
          [
            -8.644806,
            42.791545
          ],
          [
            -8.644755,
            42.791707
          ],
          [
            -8.644669,
            42.79191
          ],
          [
            -8.644538,
            42.792055
          ],
          [
            -8.644425,
            42.792134
          ],
          [
            -8.644248,
            42.79223
          ],
          [
            -8.64393,
            42.792425
          ],
          [
            -8.643709,
            42.792606
          ],
          [
            -8.64355,
            42.792776
          ],
          [
            -8.643329,
            42.792995
          ],
          [
            -8.643077,
            42.793181
          ],
          [
            -8.642868,
            42.793314
          ],
          [
            -8.642745,
            42.793432
          ],
          [
            -8.642716,
            42.79354
          ],
          [
            -8.642585,
            42.793688
          ],
          [
            -8.642395,
            42.793842
          ],
          [
            -8.642106,
            42.794076
          ],
          [
            -8.641797,
            42.794309
          ],
          [
            -8.6417,
            42.794392
          ],
          [
            -8.641661,
            42.794463
          ],
          [
            -8.64166,
            42.794527
          ],
          [
            -8.641677,
            42.794593
          ],
          [
            -8.641717,
            42.794664
          ],
          [
            -8.642036,
            42.794991
          ],
          [
            -8.642321,
            42.795371
          ],
          [
            -8.642343,
            42.795449
          ],
          [
            -8.642368,
            42.795543
          ],
          [
            -8.642366,
            42.795544
          ],
          [
            -8.64234,
            42.795559
          ],
          [
            -8.642158,
            42.795663
          ],
          [
            -8.642039,
            42.795735
          ],
          [
            -8.641945,
            42.7958
          ],
          [
            -8.641863,
            42.795868
          ],
          [
            -8.641766,
            42.795944
          ],
          [
            -8.64163,
            42.796044
          ],
          [
            -8.641541,
            42.796092
          ],
          [
            -8.641462,
            42.796127
          ],
          [
            -8.641381,
            42.79616
          ],
          [
            -8.641302,
            42.796171
          ],
          [
            -8.641207,
            42.796171
          ],
          [
            -8.641077,
            42.796176
          ],
          [
            -8.64101,
            42.796187
          ],
          [
            -8.640941,
            42.79621
          ],
          [
            -8.64071,
            42.79626
          ],
          [
            -8.640545,
            42.796294
          ],
          [
            -8.640437,
            42.796333
          ],
          [
            -8.640351,
            42.796378
          ],
          [
            -8.640263,
            42.796438
          ],
          [
            -8.640199,
            42.79649
          ],
          [
            -8.640131,
            42.796499
          ],
          [
            -8.640034,
            42.796496
          ],
          [
            -8.639941,
            42.796479
          ],
          [
            -8.63985,
            42.79645
          ],
          [
            -8.639712,
            42.796404
          ],
          [
            -8.639542,
            42.796359
          ],
          [
            -8.639466,
            42.796382
          ],
          [
            -8.639382,
            42.796413
          ],
          [
            -8.639316,
            42.796431
          ],
          [
            -8.639269,
            42.796425
          ],
          [
            -8.639214,
            42.796445
          ],
          [
            -8.639155,
            42.796473
          ],
          [
            -8.639143,
            42.796489
          ],
          [
            -8.639121,
            42.796551
          ],
          [
            -8.639098,
            42.79662
          ],
          [
            -8.639111,
            42.796682
          ],
          [
            -8.639121,
            42.796728
          ],
          [
            -8.639111,
            42.796798
          ],
          [
            -8.639094,
            42.796816
          ],
          [
            -8.639052,
            42.796852
          ],
          [
            -8.638964,
            42.79694
          ],
          [
            -8.638873,
            42.797013
          ],
          [
            -8.638851,
            42.797076
          ],
          [
            -8.63882,
            42.797156
          ],
          [
            -8.638815,
            42.797212
          ],
          [
            -8.638814,
            42.797255
          ],
          [
            -8.638805,
            42.79727
          ],
          [
            -8.638796,
            42.797285
          ],
          [
            -8.638753,
            42.79731
          ],
          [
            -8.638724,
            42.797328
          ],
          [
            -8.638648,
            42.797395
          ],
          [
            -8.638517,
            42.797507
          ],
          [
            -8.638429,
            42.797574
          ],
          [
            -8.638322,
            42.797649
          ],
          [
            -8.638253,
            42.797698
          ],
          [
            -8.638192,
            42.797743
          ],
          [
            -8.63812,
            42.797781
          ],
          [
            -8.638058,
            42.797804
          ],
          [
            -8.638009,
            42.797839
          ],
          [
            -8.637985,
            42.797856
          ],
          [
            -8.638021,
            42.797885
          ],
          [
            -8.638075,
            42.797924
          ],
          [
            -8.63809,
            42.797936
          ],
          [
            -8.63805,
            42.797981
          ],
          [
            -8.638002,
            42.798028
          ],
          [
            -8.637945,
            42.798063
          ],
          [
            -8.637825,
            42.798097
          ],
          [
            -8.637688,
            42.798138
          ],
          [
            -8.637528,
            42.798199
          ],
          [
            -8.637208,
            42.798335
          ],
          [
            -8.637098,
            42.798397
          ],
          [
            -8.637011,
            42.7985
          ],
          [
            -8.637006,
            42.798577
          ],
          [
            -8.636973,
            42.798615
          ],
          [
            -8.636896,
            42.798703
          ],
          [
            -8.636746,
            42.798869
          ],
          [
            -8.63662,
            42.799008
          ],
          [
            -8.636498,
            42.799167
          ],
          [
            -8.636451,
            42.799217
          ],
          [
            -8.636375,
            42.7992
          ],
          [
            -8.63609,
            42.799091
          ],
          [
            -8.635772,
            42.798947
          ],
          [
            -8.635631,
            42.798912
          ],
          [
            -8.635568,
            42.798918
          ],
          [
            -8.635523,
            42.798937
          ],
          [
            -8.63545,
            42.798981
          ],
          [
            -8.63535,
            42.79904
          ],
          [
            -8.635205,
            42.799138
          ],
          [
            -8.635093,
            42.799214
          ],
          [
            -8.635023,
            42.799254
          ],
          [
            -8.634933,
            42.799303
          ],
          [
            -8.634859,
            42.799338
          ],
          [
            -8.634657,
            42.799441
          ],
          [
            -8.634601,
            42.799469
          ],
          [
            -8.634579,
            42.799503
          ],
          [
            -8.634509,
            42.799623
          ],
          [
            -8.6345,
            42.799658
          ],
          [
            -8.634518,
            42.799674
          ],
          [
            -8.634565,
            42.799668
          ],
          [
            -8.634607,
            42.799665
          ],
          [
            -8.634642,
            42.799656
          ],
          [
            -8.634685,
            42.799645
          ],
          [
            -8.634707,
            42.799646
          ],
          [
            -8.634806,
            42.799709
          ],
          [
            -8.634912,
            42.799789
          ],
          [
            -8.635018,
            42.79985
          ],
          [
            -8.635159,
            42.799919
          ],
          [
            -8.635258,
            42.799968
          ],
          [
            -8.635477,
            42.800095
          ],
          [
            -8.635541,
            42.800119
          ],
          [
            -8.63572,
            42.800146
          ],
          [
            -8.635825,
            42.800173
          ],
          [
            -8.635978,
            42.80023
          ],
          [
            -8.636072,
            42.800283
          ],
          [
            -8.636146,
            42.80034
          ],
          [
            -8.636227,
            42.800442
          ],
          [
            -8.636309,
            42.80054
          ],
          [
            -8.636359,
            42.800622
          ],
          [
            -8.636385,
            42.800679
          ],
          [
            -8.63641,
            42.800754
          ],
          [
            -8.636441,
            42.800817
          ],
          [
            -8.636505,
            42.800891
          ],
          [
            -8.636565,
            42.80093
          ],
          [
            -8.636631,
            42.800959
          ],
          [
            -8.636737,
            42.800984
          ],
          [
            -8.636857,
            42.801011
          ],
          [
            -8.637039,
            42.801065
          ],
          [
            -8.637184,
            42.801135
          ],
          [
            -8.637281,
            42.801205
          ],
          [
            -8.637333,
            42.801268
          ],
          [
            -8.637391,
            42.801347
          ],
          [
            -8.637434,
            42.801431
          ],
          [
            -8.637484,
            42.801529
          ],
          [
            -8.63757,
            42.801635
          ],
          [
            -8.637694,
            42.801786
          ],
          [
            -8.637805,
            42.801927
          ],
          [
            -8.637909,
            42.802023
          ],
          [
            -8.637886,
            42.802146
          ],
          [
            -8.637795,
            42.802276
          ],
          [
            -8.637616,
            42.802498
          ],
          [
            -8.637789,
            42.802567
          ],
          [
            -8.637787,
            42.802613
          ],
          [
            -8.637022,
            42.803399
          ],
          [
            -8.63667,
            42.803766
          ],
          [
            -8.63721,
            42.803958
          ],
          [
            -8.637692,
            42.804202
          ],
          [
            -8.638093,
            42.804404
          ],
          [
            -8.637962,
            42.804757
          ],
          [
            -8.637868,
            42.804982
          ],
          [
            -8.637799,
            42.805091
          ],
          [
            -8.637709,
            42.805181
          ],
          [
            -8.637671,
            42.805229
          ],
          [
            -8.637634,
            42.80531
          ],
          [
            -8.637553,
            42.805455
          ],
          [
            -8.637446,
            42.80565
          ],
          [
            -8.63734,
            42.805866
          ],
          [
            -8.637262,
            42.805953
          ],
          [
            -8.637308,
            42.806011
          ],
          [
            -8.637486,
            42.806291
          ],
          [
            -8.63752,
            42.806366
          ],
          [
            -8.637527,
            42.80645
          ],
          [
            -8.637539,
            42.806606
          ],
          [
            -8.637487,
            42.80674
          ],
          [
            -8.637261,
            42.80695
          ],
          [
            -8.637058,
            42.807093
          ],
          [
            -8.636889,
            42.807185
          ],
          [
            -8.636667,
            42.807204
          ],
          [
            -8.636476,
            42.807233
          ],
          [
            -8.636152,
            42.807381
          ],
          [
            -8.635869,
            42.8075
          ],
          [
            -8.635595,
            42.807577
          ],
          [
            -8.635314,
            42.807641
          ],
          [
            -8.634891,
            42.807836
          ],
          [
            -8.634386,
            42.808067
          ],
          [
            -8.633945,
            42.808226
          ],
          [
            -8.6336,
            42.808362
          ],
          [
            -8.633306,
            42.808475
          ],
          [
            -8.633005,
            42.808614
          ],
          [
            -8.632881,
            42.808711
          ],
          [
            -8.632544,
            42.808917
          ],
          [
            -8.632125,
            42.809092
          ],
          [
            -8.631395,
            42.809395
          ],
          [
            -8.630812,
            42.809519
          ],
          [
            -8.63103,
            42.80928
          ],
          [
            -8.631045,
            42.809215
          ],
          [
            -8.63084,
            42.809337
          ],
          [
            -8.630643,
            42.809434
          ],
          [
            -8.630452,
            42.809511
          ],
          [
            -8.630167,
            42.809573
          ],
          [
            -8.629883,
            42.809639
          ],
          [
            -8.62945,
            42.809731
          ],
          [
            -8.628939,
            42.809836
          ],
          [
            -8.628704,
            42.809858
          ],
          [
            -8.628477,
            42.809877
          ],
          [
            -8.628347,
            42.809882
          ],
          [
            -8.628231,
            42.809872
          ],
          [
            -8.628126,
            42.809863
          ],
          [
            -8.627934,
            42.809827
          ],
          [
            -8.627794,
            42.809784
          ],
          [
            -8.627681,
            42.809742
          ],
          [
            -8.62743,
            42.809655
          ],
          [
            -8.627078,
            42.809541
          ],
          [
            -8.626816,
            42.809467
          ],
          [
            -8.626657,
            42.809443
          ],
          [
            -8.62648,
            42.809433
          ],
          [
            -8.626269,
            42.809445
          ],
          [
            -8.62608,
            42.809471
          ],
          [
            -8.625899,
            42.809529
          ],
          [
            -8.625802,
            42.809568
          ],
          [
            -8.625397,
            42.809715
          ],
          [
            -8.625002,
            42.80987
          ],
          [
            -8.624839,
            42.809953
          ],
          [
            -8.624599,
            42.810085
          ],
          [
            -8.624403,
            42.810214
          ],
          [
            -8.624224,
            42.810476
          ],
          [
            -8.623977,
            42.81085
          ],
          [
            -8.623766,
            42.811186
          ],
          [
            -8.623629,
            42.811384
          ],
          [
            -8.623585,
            42.811432
          ],
          [
            -8.623541,
            42.811464
          ],
          [
            -8.623472,
            42.811497
          ],
          [
            -8.623415,
            42.811516
          ],
          [
            -8.623332,
            42.811532
          ],
          [
            -8.623214,
            42.811562
          ],
          [
            -8.623103,
            42.811618
          ],
          [
            -8.623012,
            42.811667
          ],
          [
            -8.622934,
            42.811722
          ],
          [
            -8.622848,
            42.811777
          ],
          [
            -8.622789,
            42.811819
          ],
          [
            -8.622728,
            42.811864
          ],
          [
            -8.62268,
            42.811926
          ],
          [
            -8.622644,
            42.811993
          ],
          [
            -8.622591,
            42.812091
          ],
          [
            -8.622549,
            42.812187
          ],
          [
            -8.622525,
            42.812269
          ],
          [
            -8.622489,
            42.812441
          ],
          [
            -8.622362,
            42.812603
          ],
          [
            -8.6223,
            42.812685
          ],
          [
            -8.622157,
            42.812908
          ],
          [
            -8.622137,
            42.812968
          ],
          [
            -8.62214,
            42.812995
          ],
          [
            -8.622123,
            42.813033
          ],
          [
            -8.62205,
            42.813101
          ],
          [
            -8.621966,
            42.813188
          ],
          [
            -8.621865,
            42.813299
          ],
          [
            -8.621808,
            42.81335
          ],
          [
            -8.621759,
            42.813388
          ],
          [
            -8.621573,
            42.813466
          ],
          [
            -8.621159,
            42.813642
          ],
          [
            -8.620883,
            42.813758
          ],
          [
            -8.620529,
            42.813906
          ],
          [
            -8.620327,
            42.813993
          ],
          [
            -8.620258,
            42.814042
          ],
          [
            -8.620336,
            42.814109
          ],
          [
            -8.620375,
            42.814181
          ],
          [
            -8.620352,
            42.814269
          ],
          [
            -8.620297,
            42.814347
          ],
          [
            -8.62023,
            42.814404
          ],
          [
            -8.620154,
            42.814466
          ],
          [
            -8.620073,
            42.814519
          ],
          [
            -8.620026,
            42.814563
          ],
          [
            -8.62001,
            42.814602
          ],
          [
            -8.620021,
            42.814638
          ],
          [
            -8.620078,
            42.814667
          ],
          [
            -8.6203,
            42.814679
          ],
          [
            -8.620641,
            42.814707
          ],
          [
            -8.620806,
            42.814715
          ],
          [
            -8.621289,
            42.814753
          ],
          [
            -8.621394,
            42.81482
          ],
          [
            -8.621568,
            42.81493
          ],
          [
            -8.621659,
            42.814992
          ],
          [
            -8.621711,
            42.815042
          ],
          [
            -8.621765,
            42.815136
          ],
          [
            -8.621842,
            42.815252
          ],
          [
            -8.621877,
            42.815312
          ],
          [
            -8.621908,
            42.815365
          ],
          [
            -8.621941,
            42.815399
          ],
          [
            -8.621974,
            42.815425
          ],
          [
            -8.622022,
            42.815449
          ],
          [
            -8.62206,
            42.815472
          ],
          [
            -8.622114,
            42.815495
          ],
          [
            -8.622139,
            42.815514
          ],
          [
            -8.62216,
            42.815535
          ],
          [
            -8.622174,
            42.815577
          ],
          [
            -8.622176,
            42.815655
          ],
          [
            -8.622155,
            42.815713
          ],
          [
            -8.622149,
            42.815734
          ],
          [
            -8.622144,
            42.815754
          ],
          [
            -8.622162,
            42.816004
          ],
          [
            -8.622153,
            42.816045
          ],
          [
            -8.622136,
            42.816081
          ],
          [
            -8.622113,
            42.816112
          ],
          [
            -8.622089,
            42.816135
          ],
          [
            -8.622053,
            42.816155
          ],
          [
            -8.621997,
            42.816169
          ],
          [
            -8.621923,
            42.816181
          ],
          [
            -8.621856,
            42.816193
          ],
          [
            -8.621807,
            42.816213
          ],
          [
            -8.621746,
            42.816257
          ],
          [
            -8.621704,
            42.816317
          ],
          [
            -8.621614,
            42.816431
          ],
          [
            -8.62152,
            42.816563
          ],
          [
            -8.621436,
            42.81667
          ],
          [
            -8.621322,
            42.816815
          ],
          [
            -8.621278,
            42.816912
          ],
          [
            -8.621256,
            42.817017
          ],
          [
            -8.621263,
            42.817078
          ],
          [
            -8.621271,
            42.81714
          ],
          [
            -8.621239,
            42.817305
          ],
          [
            -8.621178,
            42.817623
          ],
          [
            -8.62114,
            42.817789
          ],
          [
            -8.621069,
            42.817925
          ],
          [
            -8.621006,
            42.818004
          ],
          [
            -8.620954,
            42.818062
          ],
          [
            -8.620848,
            42.818149
          ],
          [
            -8.620677,
            42.818264
          ],
          [
            -8.620584,
            42.818357
          ],
          [
            -8.620502,
            42.818469
          ],
          [
            -8.620391,
            42.818612
          ],
          [
            -8.620182,
            42.818811
          ],
          [
            -8.619987,
            42.818979
          ],
          [
            -8.619693,
            42.819221
          ],
          [
            -8.619548,
            42.819295
          ],
          [
            -8.619348,
            42.819335
          ],
          [
            -8.619155,
            42.819392
          ],
          [
            -8.619015,
            42.819502
          ],
          [
            -8.618803,
            42.819701
          ],
          [
            -8.618653,
            42.819837
          ],
          [
            -8.618538,
            42.819987
          ],
          [
            -8.618466,
            42.820073
          ],
          [
            -8.618376,
            42.820207
          ],
          [
            -8.618309,
            42.820308
          ],
          [
            -8.618215,
            42.820479
          ],
          [
            -8.618136,
            42.82057
          ],
          [
            -8.618018,
            42.820646
          ],
          [
            -8.61795,
            42.820683
          ],
          [
            -8.617714,
            42.82074
          ],
          [
            -8.617583,
            42.820751
          ],
          [
            -8.617145,
            42.820776
          ],
          [
            -8.617054,
            42.820782
          ],
          [
            -8.617007,
            42.820826
          ],
          [
            -8.616977,
            42.82092
          ],
          [
            -8.616955,
            42.821048
          ],
          [
            -8.616952,
            42.821175
          ],
          [
            -8.616973,
            42.821252
          ],
          [
            -8.617017,
            42.821349
          ],
          [
            -8.617024,
            42.821385
          ],
          [
            -8.616962,
            42.821404
          ],
          [
            -8.616325,
            42.821336
          ],
          [
            -8.615813,
            42.821272
          ],
          [
            -8.615728,
            42.821181
          ],
          [
            -8.615665,
            42.821186
          ],
          [
            -8.615429,
            42.821278
          ],
          [
            -8.615132,
            42.821392
          ],
          [
            -8.614657,
            42.821555
          ],
          [
            -8.614456,
            42.821574
          ],
          [
            -8.614228,
            42.821552
          ],
          [
            -8.613931,
            42.821523
          ],
          [
            -8.613707,
            42.82148
          ],
          [
            -8.613363,
            42.821695
          ],
          [
            -8.613114,
            42.821941
          ],
          [
            -8.612872,
            42.822185
          ],
          [
            -8.612644,
            42.822402
          ],
          [
            -8.61245,
            42.822602
          ],
          [
            -8.612246,
            42.822734
          ],
          [
            -8.611999,
            42.822914
          ],
          [
            -8.611821,
            42.823082
          ],
          [
            -8.611693,
            42.823215
          ],
          [
            -8.611571,
            42.823338
          ],
          [
            -8.611583,
            42.823418
          ],
          [
            -8.61154,
            42.823442
          ],
          [
            -8.611536,
            42.823449
          ],
          [
            -8.611439,
            42.823674
          ],
          [
            -8.611338,
            42.823851
          ],
          [
            -8.611127,
            42.824201
          ],
          [
            -8.610992,
            42.824429
          ],
          [
            -8.610935,
            42.824597
          ],
          [
            -8.610916,
            42.824743
          ],
          [
            -8.610903,
            42.824898
          ],
          [
            -8.610905,
            42.825055
          ],
          [
            -8.610917,
            42.825235
          ],
          [
            -8.610923,
            42.825302
          ],
          [
            -8.610925,
            42.825321
          ],
          [
            -8.611036,
            42.825667
          ],
          [
            -8.611088,
            42.825836
          ],
          [
            -8.611197,
            42.826106
          ],
          [
            -8.611099,
            42.826125
          ],
          [
            -8.611021,
            42.82616
          ],
          [
            -8.610942,
            42.826252
          ],
          [
            -8.61088,
            42.826491
          ],
          [
            -8.610869,
            42.826623
          ],
          [
            -8.610894,
            42.826757
          ],
          [
            -8.610874,
            42.826809
          ],
          [
            -8.610832,
            42.826877
          ],
          [
            -8.610776,
            42.826954
          ],
          [
            -8.610737,
            42.827049
          ],
          [
            -8.610725,
            42.827129
          ],
          [
            -8.610649,
            42.827219
          ],
          [
            -8.610593,
            42.827254
          ],
          [
            -8.610499,
            42.82732
          ],
          [
            -8.610464,
            42.827347
          ],
          [
            -8.61044,
            42.827376
          ],
          [
            -8.610423,
            42.827428
          ],
          [
            -8.610404,
            42.827514
          ],
          [
            -8.610354,
            42.82766
          ],
          [
            -8.610318,
            42.827778
          ],
          [
            -8.610317,
            42.827863
          ],
          [
            -8.610292,
            42.82794
          ],
          [
            -8.610164,
            42.828079
          ],
          [
            -8.610099,
            42.828122
          ],
          [
            -8.610007,
            42.828181
          ],
          [
            -8.609937,
            42.828211
          ],
          [
            -8.609867,
            42.828229
          ],
          [
            -8.609787,
            42.828253
          ],
          [
            -8.609735,
            42.82826
          ],
          [
            -8.609683,
            42.828266
          ],
          [
            -8.609604,
            42.82828
          ],
          [
            -8.609459,
            42.828293
          ],
          [
            -8.609326,
            42.828296
          ],
          [
            -8.609229,
            42.828285
          ],
          [
            -8.609155,
            42.828274
          ],
          [
            -8.609041,
            42.828242
          ],
          [
            -8.608899,
            42.828212
          ],
          [
            -8.608781,
            42.828211
          ],
          [
            -8.608714,
            42.828234
          ],
          [
            -8.608668,
            42.828264
          ],
          [
            -8.608599,
            42.82833
          ],
          [
            -8.608511,
            42.828429
          ],
          [
            -8.608411,
            42.828534
          ],
          [
            -8.608333,
            42.828605
          ],
          [
            -8.608254,
            42.828688
          ],
          [
            -8.608165,
            42.828754
          ],
          [
            -8.608086,
            42.828801
          ],
          [
            -8.607998,
            42.828838
          ],
          [
            -8.607932,
            42.828856
          ],
          [
            -8.607851,
            42.828867
          ],
          [
            -8.607762,
            42.828866
          ],
          [
            -8.607598,
            42.82886
          ],
          [
            -8.607451,
            42.828868
          ],
          [
            -8.607342,
            42.828882
          ],
          [
            -8.607231,
            42.828907
          ],
          [
            -8.607103,
            42.828924
          ],
          [
            -8.606961,
            42.828936
          ],
          [
            -8.60669,
            42.828967
          ],
          [
            -8.606491,
            42.828991
          ],
          [
            -8.606327,
            42.829002
          ],
          [
            -8.606246,
            42.829024
          ],
          [
            -8.606204,
            42.829066
          ],
          [
            -8.606154,
            42.829124
          ],
          [
            -8.606133,
            42.829149
          ],
          [
            -8.606057,
            42.829233
          ],
          [
            -8.605939,
            42.829353
          ],
          [
            -8.605851,
            42.829456
          ],
          [
            -8.605812,
            42.829526
          ],
          [
            -8.605773,
            42.829607
          ],
          [
            -8.605743,
            42.829695
          ],
          [
            -8.605717,
            42.829805
          ],
          [
            -8.60569,
            42.829876
          ],
          [
            -8.605661,
            42.829973
          ],
          [
            -8.605599,
            42.830233
          ],
          [
            -8.60552,
            42.830528
          ],
          [
            -8.60547,
            42.830706
          ],
          [
            -8.605405,
            42.830861
          ],
          [
            -8.605292,
            42.831039
          ],
          [
            -8.605225,
            42.831157
          ],
          [
            -8.605148,
            42.831259
          ],
          [
            -8.605095,
            42.831345
          ],
          [
            -8.605043,
            42.831434
          ],
          [
            -8.604976,
            42.831495
          ],
          [
            -8.604881,
            42.831573
          ],
          [
            -8.604799,
            42.831604
          ],
          [
            -8.604624,
            42.831634
          ],
          [
            -8.604544,
            42.831659
          ],
          [
            -8.604455,
            42.831745
          ],
          [
            -8.604203,
            42.831901
          ],
          [
            -8.603966,
            42.832039
          ],
          [
            -8.603836,
            42.832117
          ],
          [
            -8.603688,
            42.832214
          ],
          [
            -8.603506,
            42.832307
          ],
          [
            -8.603381,
            42.832391
          ],
          [
            -8.603305,
            42.832455
          ],
          [
            -8.603135,
            42.832522
          ],
          [
            -8.603001,
            42.832576
          ],
          [
            -8.602862,
            42.832648
          ],
          [
            -8.602783,
            42.832737
          ],
          [
            -8.602735,
            42.832784
          ],
          [
            -8.602636,
            42.832855
          ],
          [
            -8.602548,
            42.832922
          ],
          [
            -8.602438,
            42.83298
          ],
          [
            -8.602292,
            42.83305
          ],
          [
            -8.602116,
            42.833121
          ],
          [
            -8.602074,
            42.833128
          ],
          [
            -8.601876,
            42.833151
          ],
          [
            -8.601662,
            42.833219
          ],
          [
            -8.60159,
            42.833253
          ],
          [
            -8.60153,
            42.833289
          ],
          [
            -8.601462,
            42.833334
          ],
          [
            -8.601272,
            42.833436
          ],
          [
            -8.601215,
            42.833467
          ],
          [
            -8.601071,
            42.8335
          ],
          [
            -8.60104,
            42.833555
          ],
          [
            -8.600908,
            42.833795
          ],
          [
            -8.600792,
            42.833987
          ],
          [
            -8.600718,
            42.834087
          ],
          [
            -8.600591,
            42.834238
          ],
          [
            -8.600485,
            42.834329
          ],
          [
            -8.600419,
            42.834367
          ],
          [
            -8.600389,
            42.834388
          ],
          [
            -8.600296,
            42.834468
          ],
          [
            -8.600214,
            42.834551
          ],
          [
            -8.600111,
            42.83468
          ],
          [
            -8.600002,
            42.83481
          ],
          [
            -8.599855,
            42.834966
          ],
          [
            -8.599781,
            42.83506
          ],
          [
            -8.599663,
            42.835185
          ],
          [
            -8.599626,
            42.835221
          ],
          [
            -8.599544,
            42.835297
          ],
          [
            -8.599445,
            42.835362
          ],
          [
            -8.599379,
            42.835397
          ],
          [
            -8.599305,
            42.835445
          ],
          [
            -8.599269,
            42.835482
          ],
          [
            -8.599196,
            42.835545
          ],
          [
            -8.599127,
            42.835598
          ],
          [
            -8.599012,
            42.835642
          ],
          [
            -8.598917,
            42.835674
          ],
          [
            -8.598814,
            42.835693
          ],
          [
            -8.598685,
            42.835709
          ],
          [
            -8.598557,
            42.83575
          ],
          [
            -8.598465,
            42.835788
          ],
          [
            -8.598338,
            42.835865
          ],
          [
            -8.598209,
            42.835938
          ],
          [
            -8.598115,
            42.836013
          ],
          [
            -8.598022,
            42.836072
          ],
          [
            -8.597907,
            42.836142
          ],
          [
            -8.597782,
            42.836215
          ],
          [
            -8.597646,
            42.836265
          ],
          [
            -8.597513,
            42.836298
          ],
          [
            -8.5974,
            42.836322
          ],
          [
            -8.597147,
            42.83638
          ],
          [
            -8.596753,
            42.836429
          ],
          [
            -8.596443,
            42.836477
          ],
          [
            -8.596068,
            42.836519
          ],
          [
            -8.59579,
            42.836553
          ],
          [
            -8.595586,
            42.836571
          ],
          [
            -8.595491,
            42.836572
          ],
          [
            -8.595401,
            42.836556
          ],
          [
            -8.595298,
            42.836529
          ],
          [
            -8.595194,
            42.836499
          ],
          [
            -8.595098,
            42.836476
          ],
          [
            -8.594954,
            42.836444
          ],
          [
            -8.59477,
            42.836403
          ],
          [
            -8.59458,
            42.836374
          ],
          [
            -8.594505,
            42.836379
          ],
          [
            -8.594378,
            42.836397
          ],
          [
            -8.594273,
            42.836413
          ],
          [
            -8.59417,
            42.836432
          ],
          [
            -8.594061,
            42.836457
          ],
          [
            -8.593966,
            42.836474
          ],
          [
            -8.593892,
            42.836479
          ],
          [
            -8.593803,
            42.836471
          ],
          [
            -8.593721,
            42.836454
          ],
          [
            -8.593657,
            42.836433
          ],
          [
            -8.593577,
            42.836417
          ],
          [
            -8.593516,
            42.836418
          ],
          [
            -8.593461,
            42.836426
          ],
          [
            -8.593379,
            42.836442
          ],
          [
            -8.593153,
            42.83837
          ],
          [
            -8.59319,
            42.83841
          ],
          [
            -8.593276,
            42.838425
          ],
          [
            -8.593427,
            42.838418
          ],
          [
            -8.593671,
            42.838383
          ],
          [
            -8.593905,
            42.838327
          ],
          [
            -8.594178,
            42.838235
          ],
          [
            -8.594333,
            42.838181
          ],
          [
            -8.594408,
            42.83817
          ],
          [
            -8.594431,
            42.838193
          ],
          [
            -8.594397,
            42.838244
          ],
          [
            -8.594276,
            42.838316
          ],
          [
            -8.594051,
            42.838435
          ],
          [
            -8.59384,
            42.838573
          ],
          [
            -8.593557,
            42.838759
          ],
          [
            -8.593506,
            42.838737
          ],
          [
            -8.59345,
            42.838719
          ],
          [
            -8.593389,
            42.838707
          ],
          [
            -8.59332,
            42.838707
          ],
          [
            -8.593255,
            42.838722
          ],
          [
            -8.593203,
            42.838732
          ],
          [
            -8.59316,
            42.83874
          ],
          [
            -8.593092,
            42.838719
          ],
          [
            -8.593,
            42.83869
          ],
          [
            -8.592881,
            42.838662
          ],
          [
            -8.592757,
            42.838647
          ],
          [
            -8.592605,
            42.83864
          ],
          [
            -8.592502,
            42.838648
          ],
          [
            -8.592381,
            42.838668
          ],
          [
            -8.592221,
            42.838708
          ],
          [
            -8.592131,
            42.838739
          ],
          [
            -8.592013,
            42.838798
          ],
          [
            -8.591936,
            42.838833
          ],
          [
            -8.591882,
            42.838851
          ],
          [
            -8.591798,
            42.838851
          ],
          [
            -8.591708,
            42.838854
          ],
          [
            -8.591649,
            42.838865
          ],
          [
            -8.591586,
            42.838897
          ],
          [
            -8.591525,
            42.838929
          ],
          [
            -8.591462,
            42.83894
          ],
          [
            -8.591392,
            42.838941
          ],
          [
            -8.591291,
            42.83894
          ],
          [
            -8.591208,
            42.838927
          ],
          [
            -8.591197,
            42.839018
          ],
          [
            -8.590927,
            42.838945
          ],
          [
            -8.590745,
            42.838898
          ],
          [
            -8.590588,
            42.83886
          ],
          [
            -8.590461,
            42.838837
          ],
          [
            -8.590302,
            42.838861
          ],
          [
            -8.590157,
            42.838924
          ],
          [
            -8.589872,
            42.839054
          ],
          [
            -8.58955,
            42.839202
          ],
          [
            -8.589154,
            42.839378
          ],
          [
            -8.588769,
            42.839546
          ],
          [
            -8.58857,
            42.839634
          ],
          [
            -8.588451,
            42.839687
          ],
          [
            -8.588363,
            42.839693
          ],
          [
            -8.588222,
            42.839779
          ],
          [
            -8.588022,
            42.839888
          ],
          [
            -8.587881,
            42.839954
          ],
          [
            -8.587732,
            42.840011
          ],
          [
            -8.587437,
            42.840126
          ],
          [
            -8.58698,
            42.840299
          ],
          [
            -8.586596,
            42.840451
          ],
          [
            -8.585824,
            42.840746
          ],
          [
            -8.585059,
            42.841045
          ],
          [
            -8.584849,
            42.841121
          ],
          [
            -8.584703,
            42.841163
          ],
          [
            -8.584469,
            42.841231
          ],
          [
            -8.584227,
            42.841306
          ],
          [
            -8.584092,
            42.841359
          ],
          [
            -8.583886,
            42.841473
          ],
          [
            -8.583643,
            42.841608
          ],
          [
            -8.583433,
            42.841729
          ],
          [
            -8.583236,
            42.841857
          ],
          [
            -8.583081,
            42.841979
          ],
          [
            -8.582919,
            42.84215
          ],
          [
            -8.582749,
            42.842345
          ],
          [
            -8.582327,
            42.84283
          ],
          [
            -8.582016,
            42.843145
          ],
          [
            -8.581929,
            42.843211
          ],
          [
            -8.581831,
            42.843251
          ],
          [
            -8.581758,
            42.843258
          ],
          [
            -8.581615,
            42.843441
          ],
          [
            -8.581491,
            42.843571
          ],
          [
            -8.58142,
            42.843686
          ],
          [
            -8.581218,
            42.844011
          ],
          [
            -8.580908,
            42.84449
          ],
          [
            -8.580856,
            42.844587
          ],
          [
            -8.580713,
            42.844848
          ],
          [
            -8.580631,
            42.845047
          ],
          [
            -8.580582,
            42.845353
          ],
          [
            -8.580577,
            42.845395
          ],
          [
            -8.580552,
            42.845626
          ],
          [
            -8.580476,
            42.845999
          ],
          [
            -8.580408,
            42.846331
          ],
          [
            -8.580383,
            42.846634
          ],
          [
            -8.580379,
            42.846685
          ],
          [
            -8.580235,
            42.847573
          ],
          [
            -8.580109,
            42.848414
          ],
          [
            -8.580085,
            42.848547
          ],
          [
            -8.58005,
            42.848585
          ],
          [
            -8.580032,
            42.848592
          ],
          [
            -8.579939,
            42.848629
          ],
          [
            -8.57986,
            42.848669
          ],
          [
            -8.5798,
            42.848718
          ],
          [
            -8.579717,
            42.848805
          ],
          [
            -8.579609,
            42.8489
          ],
          [
            -8.579561,
            42.84895
          ],
          [
            -8.579499,
            42.849
          ],
          [
            -8.579437,
            42.849038
          ],
          [
            -8.579344,
            42.849065
          ],
          [
            -8.579241,
            42.849087
          ],
          [
            -8.579111,
            42.849093
          ],
          [
            -8.578952,
            42.849104
          ],
          [
            -8.578827,
            42.849123
          ],
          [
            -8.578626,
            42.8492
          ],
          [
            -8.578486,
            42.849259
          ],
          [
            -8.578421,
            42.849291
          ],
          [
            -8.578346,
            42.849329
          ],
          [
            -8.578289,
            42.849316
          ],
          [
            -8.578228,
            42.849277
          ],
          [
            -8.578107,
            42.849202
          ],
          [
            -8.577965,
            42.849135
          ],
          [
            -8.577846,
            42.849077
          ],
          [
            -8.577658,
            42.849028
          ],
          [
            -8.577464,
            42.849004
          ],
          [
            -8.577317,
            42.848999
          ],
          [
            -8.577152,
            42.849129
          ],
          [
            -8.577042,
            42.849241
          ],
          [
            -8.576957,
            42.849398
          ],
          [
            -8.576921,
            42.849487
          ],
          [
            -8.576915,
            42.849536
          ],
          [
            -8.576945,
            42.849597
          ],
          [
            -8.576958,
            42.84973
          ],
          [
            -8.576959,
            42.84988
          ],
          [
            -8.576958,
            42.85001
          ],
          [
            -8.577002,
            42.850137
          ],
          [
            -8.577042,
            42.850329
          ],
          [
            -8.577078,
            42.85049
          ],
          [
            -8.577098,
            42.850609
          ],
          [
            -8.577177,
            42.850758
          ],
          [
            -8.577235,
            42.850882
          ],
          [
            -8.57723,
            42.850956
          ],
          [
            -8.577227,
            42.851055
          ],
          [
            -8.577213,
            42.851114
          ],
          [
            -8.577175,
            42.85116
          ],
          [
            -8.577112,
            42.851205
          ],
          [
            -8.577038,
            42.851259
          ],
          [
            -8.576867,
            42.851365
          ],
          [
            -8.576724,
            42.85147
          ],
          [
            -8.576623,
            42.851553
          ],
          [
            -8.576546,
            42.851636
          ],
          [
            -8.576426,
            42.851699
          ],
          [
            -8.576316,
            42.851769
          ],
          [
            -8.576266,
            42.85183
          ],
          [
            -8.576204,
            42.851883
          ],
          [
            -8.576132,
            42.851926
          ],
          [
            -8.576027,
            42.851949
          ],
          [
            -8.57592,
            42.851973
          ],
          [
            -8.575872,
            42.852021
          ],
          [
            -8.575781,
            42.852146
          ],
          [
            -8.575647,
            42.852315
          ],
          [
            -8.575587,
            42.852351
          ],
          [
            -8.575511,
            42.852366
          ],
          [
            -8.575387,
            42.852382
          ],
          [
            -8.575328,
            42.852426
          ],
          [
            -8.575259,
            42.852481
          ],
          [
            -8.575201,
            42.852554
          ],
          [
            -8.575123,
            42.852627
          ],
          [
            -8.575063,
            42.852677
          ],
          [
            -8.574978,
            42.852728
          ],
          [
            -8.574861,
            42.852779
          ],
          [
            -8.574651,
            42.852862
          ],
          [
            -8.574577,
            42.8529
          ],
          [
            -8.5745,
            42.852924
          ],
          [
            -8.574419,
            42.852931
          ],
          [
            -8.574342,
            42.852929
          ],
          [
            -8.574227,
            42.852935
          ],
          [
            -8.574184,
            42.852948
          ],
          [
            -8.574136,
            42.852982
          ],
          [
            -8.574102,
            42.853028
          ],
          [
            -8.574103,
            42.85307
          ],
          [
            -8.574106,
            42.85312
          ],
          [
            -8.574118,
            42.853194
          ],
          [
            -8.574123,
            42.853282
          ],
          [
            -8.574146,
            42.8533
          ],
          [
            -8.574151,
            42.853337
          ],
          [
            -8.574159,
            42.853492
          ],
          [
            -8.574152,
            42.853758
          ],
          [
            -8.574158,
            42.85399
          ],
          [
            -8.574137,
            42.85405
          ],
          [
            -8.57408,
            42.854172
          ],
          [
            -8.574026,
            42.854217
          ],
          [
            -8.573934,
            42.854222
          ],
          [
            -8.573873,
            42.854184
          ],
          [
            -8.573823,
            42.854097
          ],
          [
            -8.573772,
            42.853952
          ],
          [
            -8.573716,
            42.853873
          ],
          [
            -8.57356,
            42.853587
          ],
          [
            -8.573353,
            42.853278
          ],
          [
            -8.573255,
            42.85317
          ],
          [
            -8.573168,
            42.853117
          ],
          [
            -8.573071,
            42.85313
          ],
          [
            -8.573,
            42.853176
          ],
          [
            -8.572905,
            42.8534
          ],
          [
            -8.572837,
            42.85358
          ],
          [
            -8.57282,
            42.853661
          ],
          [
            -8.572818,
            42.853732
          ],
          [
            -8.572851,
            42.853849
          ],
          [
            -8.572934,
            42.854002
          ],
          [
            -8.573053,
            42.854203
          ],
          [
            -8.573047,
            42.854304
          ],
          [
            -8.572994,
            42.854508
          ],
          [
            -8.572947,
            42.854716
          ],
          [
            -8.572909,
            42.854947
          ],
          [
            -8.572875,
            42.855123
          ],
          [
            -8.572838,
            42.855249
          ],
          [
            -8.572798,
            42.855346
          ],
          [
            -8.572766,
            42.855556
          ],
          [
            -8.572726,
            42.855746
          ],
          [
            -8.572719,
            42.855864
          ],
          [
            -8.573044,
            42.856218
          ],
          [
            -8.573227,
            42.856311
          ],
          [
            -8.573521,
            42.856403
          ],
          [
            -8.573671,
            42.856429
          ],
          [
            -8.573871,
            42.856435
          ],
          [
            -8.574074,
            42.856439
          ],
          [
            -8.574438,
            42.856449
          ],
          [
            -8.574703,
            42.856463
          ],
          [
            -8.574908,
            42.856494
          ],
          [
            -8.575086,
            42.856563
          ],
          [
            -8.575225,
            42.856636
          ],
          [
            -8.575303,
            42.856707
          ],
          [
            -8.575326,
            42.856789
          ],
          [
            -8.575371,
            42.856892
          ],
          [
            -8.575435,
            42.857054
          ],
          [
            -8.575465,
            42.857133
          ],
          [
            -8.575613,
            42.857311
          ],
          [
            -8.575736,
            42.857495
          ],
          [
            -8.575833,
            42.857606
          ],
          [
            -8.575989,
            42.857767
          ],
          [
            -8.576168,
            42.857938
          ],
          [
            -8.576295,
            42.858085
          ],
          [
            -8.576567,
            42.858366
          ],
          [
            -8.576659,
            42.858473
          ],
          [
            -8.576751,
            42.858579
          ],
          [
            -8.576842,
            42.858649
          ],
          [
            -8.576961,
            42.858733
          ],
          [
            -8.577092,
            42.858813
          ],
          [
            -8.577121,
            42.858863
          ],
          [
            -8.577115,
            42.85896
          ],
          [
            -8.577095,
            42.859055
          ],
          [
            -8.57707,
            42.859148
          ],
          [
            -8.577045,
            42.859234
          ],
          [
            -8.576904,
            42.8594
          ],
          [
            -8.576824,
            42.859523
          ],
          [
            -8.576756,
            42.859621
          ],
          [
            -8.57671,
            42.85968
          ],
          [
            -8.576654,
            42.859795
          ],
          [
            -8.576637,
            42.859858
          ],
          [
            -8.576643,
            42.859927
          ],
          [
            -8.576693,
            42.859965
          ],
          [
            -8.57677,
            42.860007
          ],
          [
            -8.576817,
            42.860049
          ],
          [
            -8.576868,
            42.860118
          ],
          [
            -8.576953,
            42.860239
          ],
          [
            -8.576999,
            42.86035
          ],
          [
            -8.577024,
            42.860425
          ],
          [
            -8.57703,
            42.860476
          ],
          [
            -8.577029,
            42.860583
          ],
          [
            -8.577036,
            42.860642
          ],
          [
            -8.577054,
            42.860697
          ],
          [
            -8.577094,
            42.860789
          ],
          [
            -8.577113,
            42.860885
          ],
          [
            -8.577116,
            42.860978
          ],
          [
            -8.577106,
            42.861086
          ],
          [
            -8.577093,
            42.861197
          ],
          [
            -8.57708,
            42.861272
          ],
          [
            -8.577067,
            42.861331
          ],
          [
            -8.577016,
            42.861418
          ],
          [
            -8.576957,
            42.861469
          ],
          [
            -8.576881,
            42.861531
          ],
          [
            -8.576765,
            42.861619
          ],
          [
            -8.576635,
            42.861721
          ],
          [
            -8.576544,
            42.861781
          ],
          [
            -8.576416,
            42.861843
          ],
          [
            -8.576306,
            42.861909
          ],
          [
            -8.576223,
            42.861978
          ],
          [
            -8.576085,
            42.862136
          ],
          [
            -8.575972,
            42.862249
          ],
          [
            -8.575903,
            42.862359
          ],
          [
            -8.575865,
            42.862451
          ],
          [
            -8.575847,
            42.862525
          ],
          [
            -8.575828,
            42.862637
          ],
          [
            -8.575826,
            42.862761
          ],
          [
            -8.575828,
            42.862896
          ],
          [
            -8.575833,
            42.863029
          ],
          [
            -8.57556,
            42.863055
          ],
          [
            -8.575165,
            42.863098
          ],
          [
            -8.574901,
            42.863154
          ],
          [
            -8.574643,
            42.863242
          ],
          [
            -8.574518,
            42.863289
          ],
          [
            -8.574299,
            42.863372
          ],
          [
            -8.574122,
            42.863448
          ],
          [
            -8.574132,
            42.863481
          ],
          [
            -8.5742,
            42.863646
          ],
          [
            -8.574253,
            42.86374
          ],
          [
            -8.574276,
            42.863766
          ],
          [
            -8.574362,
            42.86384
          ],
          [
            -8.574581,
            42.863975
          ],
          [
            -8.574767,
            42.864084
          ],
          [
            -8.574883,
            42.86417
          ],
          [
            -8.575036,
            42.864286
          ],
          [
            -8.575118,
            42.864362
          ],
          [
            -8.575194,
            42.864453
          ],
          [
            -8.575514,
            42.864671
          ],
          [
            -8.575791,
            42.864833
          ],
          [
            -8.575966,
            42.864919
          ],
          [
            -8.576071,
            42.864982
          ],
          [
            -8.575948,
            42.865075
          ],
          [
            -8.575626,
            42.865296
          ],
          [
            -8.575452,
            42.865453
          ],
          [
            -8.575317,
            42.865657
          ],
          [
            -8.575088,
            42.865969
          ],
          [
            -8.57499,
            42.865992
          ],
          [
            -8.5748,
            42.866034
          ],
          [
            -8.574597,
            42.866073
          ],
          [
            -8.57441,
            42.866109
          ],
          [
            -8.5742,
            42.86612
          ],
          [
            -8.57408,
            42.866115
          ],
          [
            -8.573918,
            42.866102
          ],
          [
            -8.573792,
            42.866083
          ],
          [
            -8.573668,
            42.866044
          ],
          [
            -8.573517,
            42.865998
          ],
          [
            -8.573296,
            42.865921
          ],
          [
            -8.573021,
            42.86583
          ],
          [
            -8.57283,
            42.865769
          ],
          [
            -8.572657,
            42.865698
          ],
          [
            -8.572448,
            42.865607
          ],
          [
            -8.572394,
            42.865632
          ],
          [
            -8.572343,
            42.865685
          ],
          [
            -8.572281,
            42.86576
          ],
          [
            -8.572223,
            42.865807
          ],
          [
            -8.572129,
            42.865836
          ],
          [
            -8.571985,
            42.865838
          ],
          [
            -8.571791,
            42.86582
          ],
          [
            -8.57143,
            42.865834
          ],
          [
            -8.571301,
            42.865828
          ],
          [
            -8.571224,
            42.865778
          ],
          [
            -8.571115,
            42.865668
          ],
          [
            -8.570825,
            42.865378
          ],
          [
            -8.570781,
            42.865334
          ],
          [
            -8.5707,
            42.865249
          ],
          [
            -8.570581,
            42.86517
          ],
          [
            -8.570469,
            42.865092
          ],
          [
            -8.570361,
            42.865009
          ],
          [
            -8.570246,
            42.864933
          ],
          [
            -8.570165,
            42.864843
          ],
          [
            -8.570073,
            42.86473
          ],
          [
            -8.570011,
            42.864684
          ],
          [
            -8.569936,
            42.864593
          ],
          [
            -8.56989,
            42.864491
          ],
          [
            -8.569882,
            42.864378
          ],
          [
            -8.569888,
            42.864293
          ],
          [
            -8.569887,
            42.864207
          ],
          [
            -8.569891,
            42.864201
          ],
          [
            -8.569955,
            42.864085
          ],
          [
            -8.570037,
            42.863912
          ],
          [
            -8.570075,
            42.863777
          ],
          [
            -8.570109,
            42.863457
          ],
          [
            -8.570115,
            42.863066
          ],
          [
            -8.57008,
            42.862799
          ],
          [
            -8.570034,
            42.86268
          ],
          [
            -8.569951,
            42.862528
          ],
          [
            -8.569882,
            42.862434
          ],
          [
            -8.569843,
            42.862381
          ],
          [
            -8.569748,
            42.862163
          ],
          [
            -8.56974,
            42.861991
          ],
          [
            -8.569793,
            42.861873
          ],
          [
            -8.569648,
            42.861789
          ],
          [
            -8.569508,
            42.86172
          ],
          [
            -8.569186,
            42.861868
          ],
          [
            -8.569085,
            42.861941
          ],
          [
            -8.569016,
            42.862001
          ],
          [
            -8.568947,
            42.862061
          ],
          [
            -8.568817,
            42.862135
          ],
          [
            -8.568664,
            42.862213
          ],
          [
            -8.568415,
            42.862335
          ],
          [
            -8.568297,
            42.862385
          ],
          [
            -8.568189,
            42.862422
          ],
          [
            -8.568099,
            42.862433
          ],
          [
            -8.568034,
            42.862432
          ],
          [
            -8.567913,
            42.862416
          ],
          [
            -8.567821,
            42.862405
          ],
          [
            -8.567691,
            42.862382
          ],
          [
            -8.567576,
            42.862373
          ],
          [
            -8.567516,
            42.862379
          ],
          [
            -8.567453,
            42.862394
          ],
          [
            -8.567384,
            42.862412
          ],
          [
            -8.567337,
            42.8624
          ],
          [
            -8.567217,
            42.862341
          ],
          [
            -8.567147,
            42.862359
          ],
          [
            -8.566973,
            42.862463
          ],
          [
            -8.566891,
            42.862523
          ],
          [
            -8.566834,
            42.862579
          ],
          [
            -8.566793,
            42.862623
          ],
          [
            -8.566744,
            42.862682
          ],
          [
            -8.56662,
            42.862855
          ],
          [
            -8.56651,
            42.863001
          ],
          [
            -8.566443,
            42.863066
          ],
          [
            -8.566369,
            42.86311
          ],
          [
            -8.566234,
            42.863168
          ],
          [
            -8.566051,
            42.863238
          ],
          [
            -8.565861,
            42.863309
          ],
          [
            -8.565742,
            42.863351
          ],
          [
            -8.565683,
            42.863402
          ],
          [
            -8.565539,
            42.86345
          ],
          [
            -8.565323,
            42.863548
          ],
          [
            -8.565009,
            42.864072
          ],
          [
            -8.564884,
            42.864196
          ],
          [
            -8.564759,
            42.8643
          ],
          [
            -8.564632,
            42.864426
          ],
          [
            -8.562964,
            42.865742
          ],
          [
            -8.563308,
            42.86598
          ],
          [
            -8.563006,
            42.866235
          ],
          [
            -8.562849,
            42.86661
          ],
          [
            -8.562746,
            42.86678
          ],
          [
            -8.562403,
            42.867174
          ],
          [
            -8.562153,
            42.867578
          ],
          [
            -8.562298,
            42.867646
          ],
          [
            -8.561691,
            42.868078
          ],
          [
            -8.561218,
            42.86837
          ],
          [
            -8.56094,
            42.868521
          ],
          [
            -8.56071,
            42.86869
          ],
          [
            -8.560363,
            42.868911
          ],
          [
            -8.558909,
            42.869892
          ],
          [
            -8.556986,
            42.871152
          ],
          [
            -8.556142,
            42.871743
          ],
          [
            -8.554749,
            42.87223
          ],
          [
            -8.554272,
            42.872503
          ],
          [
            -8.552493,
            42.873841
          ],
          [
            -8.552361,
            42.87388
          ],
          [
            -8.55161,
            42.874563
          ],
          [
            -8.551252,
            42.874851
          ],
          [
            -8.550831,
            42.875138
          ],
          [
            -8.550415,
            42.875397
          ],
          [
            -8.550103,
            42.875509
          ],
          [
            -8.549986,
            42.875524
          ],
          [
            -8.549795,
            42.875612
          ],
          [
            -8.549909,
            42.875692
          ],
          [
            -8.549056,
            42.876032
          ],
          [
            -8.548983,
            42.876093
          ],
          [
            -8.548039,
            42.876433
          ],
          [
            -8.547619,
            42.876584
          ],
          [
            -8.546914,
            42.876834
          ],
          [
            -8.546767,
            42.876886
          ],
          [
            -8.546573,
            42.876988
          ],
          [
            -8.546359,
            42.877122
          ],
          [
            -8.546268,
            42.87721
          ],
          [
            -8.546231,
            42.877289
          ],
          [
            -8.546132,
            42.877298
          ],
          [
            -8.546,
            42.877319
          ],
          [
            -8.545783,
            42.877389
          ],
          [
            -8.545617,
            42.877628
          ],
          [
            -8.545512,
            42.877815
          ],
          [
            -8.545358,
            42.878144
          ],
          [
            -8.54525,
            42.878461
          ],
          [
            -8.545205,
            42.87868
          ],
          [
            -8.545115,
            42.879087
          ],
          [
            -8.545113,
            42.879384
          ],
          [
            -8.545156,
            42.879833
          ],
          [
            -8.545099,
            42.879867
          ],
          [
            -8.544296,
            42.879956
          ],
          [
            -8.544284,
            42.880021
          ],
          [
            -8.54418,
            42.8802
          ],
          [
            -8.5441,
            42.880276
          ],
          [
            -8.543897,
            42.880284
          ],
          [
            -8.543659,
            42.880599
          ]
        ]
      }
    },
    {
      "type": "Feature",
      "properties": {
        "name": "Inicio (km 100 a Santiago)"
      },
      "geometry": {
        "type": "Point",
        "coordinates": [
          -8.617671,
          42.169304
        ]
      }
    },
    {
      "type": "Feature",
      "properties": {
        "name": "O Porriño (centro, referencia)"
      },
      "geometry": {
        "type": "Point",
        "coordinates": [
          -8.621624,
          42.162788
        ]
      }
    },
    {
      "type": "Feature",
      "properties": {
        "name": "Santiago de Compostela"
      },
      "geometry": {
        "type": "Point",
        "coordinates": [
          -8.543659,
          42.880599
        ]
      }
    }
  ]
}